Index,ID,Category,Subcategory,Question Number,Is Multi Select,Question Text,Option 1,Option 2,Option 3,Option 4,Option 5,Option 6,Correct Answers,Explanation,Personal Notes
1,broker-questions1-q1,Broker,Questions1,1,No,"Assuming a Kafka topic is configured with the following settings:
- `log.segment.bytes` = 1073741824 (1GB)
- `log.retention.ms` = 86400000 (1 day)
- `log.retention.bytes` = -1

Which of the following statements accurately describes the log retention policy for this Kafka topic?","Logs are retained based on size; once the log size exceeds 1GB, older segments are deleted.","Logs are retained for exactly one day, regardless of the size of the log.","Logs are retained until the size of the log exceeds 1GB or for one day, whichever comes first.","Logs are retained indefinitely, as `log.retention.bytes` is set to -1, overriding other retention configurations.",,,2,"The correct answer is **2. Logs are retained for exactly one day, regardless of the size of the log.**

Explanation:

1. **Incorrect**. Although `log.segment.bytes` is set to 1GB, this setting alone does not dictate log retention based on size. It specifies the maximum size of a single log segment file. The deletion policy based on size is controlled by `log.retention.bytes`, which is not effectively set here due to its value being -1 (indicating no limit).

2. **Correct**. The setting `log.retention.ms` = 86400000 specifies that logs are retained for 86400000 milliseconds, which is equivalent to 24 hours or one day. This means logs are deleted after one day, regardless of their size, as long as `log.retention.bytes` does not impose a stricter limit, which in this case, it does not (`log.retention.bytes` = -1).

3. **Incorrect**. This statement misinterprets the settings. Kafka does not use both `log.retention.ms` and `log.retention.bytes` to determine a ""whichever comes first"" policy. Instead, both conditions must be met for a log segment to be eligible for deletion. Given `log.retention.bytes` = -1, size-based deletion is effectively disabled, leaving time-based deletion as the operative policy. 

4. **Incorrect**. The statement that logs are retained indefinitely is wrong because `log.retention.ms` is explicitly set to a finite duration (86400000 ms or 1 day), dictating a time-based retention policy. The `-1` value for `log.retention.bytes` means there is no size limit on log retention, but it does not affect or override the time-based retention set by `log.retention.ms`.",
2,broker-questions1-q2,Broker,Questions1,2,No,"Consider a Kafka topic with the following configuration:
- `cleanup.policy` = ""compact,delete""
- `min.cleanable.dirty.ratio` = 0.5
- `delete.retention.ms` = 86400000 (1 day)
- `segment.ms` = 43200000 (12 hours)

Which of the following statements correctly describes the behavior of log compaction and deletion for this topic?",Log compaction and deletion are mutually exclusive; only one policy can be active at any time.,"Log compaction will occur once 50% of the segment data is marked as dirty, and logs older than 1 day will be deleted.",Deleted records are removed immediately from the log; `delete.retention.ms` specifies the retention time for all records.,"`segment.ms` dictates the maximum lifespan of any record in the log, after which it is eligible for compaction or deletion.",,,2,"The correct answer is **2. Log compaction will occur once 50% of the segment data is marked as dirty, and logs older than 1 day will be deleted.**

Explanation:

1. **Incorrect**. The configuration `cleanup.policy` = ""compact,delete"" allows for both log compaction and deletion policies to be applied to the same topic. This means that the log will undergo compaction to remove duplicates and retain only the latest value for each key, and log segments can also be deleted based on time or size constraints.

2. **Correct**. With `min.cleanable.dirty.ratio` set to 0.5, log compaction is triggered when at least 50% of the segment is considered dirty, which means it contains records that are either duplicates or marked for deletion. The `delete.retention.ms` setting ensures that a record marked for deletion remains in the log for an additional day after being deleted, which allows for consumer recovery in case of deletion mistakes before the log is compacted.

3. **Incorrect**. Deleted records are not removed immediately; instead, they are marked for deletion and actually removed during the next compaction cycle. The `delete.retention.ms` parameter specifies the time a deleted record is retained before being permanently removed from the log as part of compaction, not the retention time for all records.

4. **Incorrect**. `segment.ms` specifies the time after which Kafka will close the current log segment and create a new one. It does not dictate the maximum lifespan of any record in the log. Record lifespan is determined by the `cleanup.policy` and associated configurations like `log.retention.ms` for deletion and `min.cleanable.dirty.ratio` for compaction.",
3,broker-questions1-q3,Broker,Questions1,3,Yes,"In a Kafka cluster, the Controller is a critical component for managing cluster state. Which of the following statements accurately describe the role and election of the Controller? (Select two)",Elected by broker majority.,Elected by Zookeeper ensemble.,Responsible for partition leader election.,Manages consumer group offsets.,Automatically assigns replicas to brokers based on load.,,2,"The correct answers are **2. Elected by Zookeeper ensemble.** and **3. Responsible for partition leader election.**

### Explanation:

1. **Incorrect**. The Controller in a Kafka cluster is not elected by a broker majority. The election process is not based on a majority vote among the brokers themselves.

2. **Correct**. The Controller is elected by the Zookeeper ensemble. Kafka uses Zookeeper to manage cluster metadata and to perform leader election for the controller. When the current Controller fails or loses connection to Zookeeper, a new Controller is elected by Zookeeper from among the live members of the cluster.

3. **Correct**. One of the primary responsibilities of the Controller is to manage partition leader elections. When a partition leader fails, the Controller is responsible for choosing a new leader from the set of in-sync replicas (ISRs) and updating the cluster metadata accordingly.

4. **Incorrect**. Managing consumer group offsets is not a responsibility of the Controller. Consumer group offsets are maintained by Kafka brokers, with the offsets being stored either in a dedicated __consumer_offsets topic within Kafka (for newer versions) or Zookeeper (for older versions).

5. **Incorrect**. Automatically assigning replicas to brokers based on load is not directly managed by the Controller. Replica assignment is typically done at topic creation time or during manual rebalancing operations. While the Controller does manage some aspects of replica management, such as initiating reassignment tasks, the automatic balancing of load is not a direct responsibility of the Controller but can be achieved through tools like Kafka's built-in partition reassignment tool or third-party solutions.

Note: While this answer describes the traditional Kafka deployment using Zookeeper, newer versions of Kafka (with KIP-500/KRaft) can operate without Zookeeper, using a different controller election mechanism.",
4,broker-questions1-q4,Broker,Questions1,4,Yes,"In the context of Kafka's distributed architecture, broker elections are vital for cluster health and stability. Consider the following advanced scenarios where Kafka's internal mechanisms must decide on leadership roles:","If a broker acting as the Controller goes down, what mechanism is responsible for the election of a new Controller?","A partition leader fails, and all its replicas are on brokers with the same network latency to the Zookeeper ensemble. How is the new leader chosen among the replicas?","During a network partition, a subset of brokers becomes isolated from the main cluster. What determines which brokers will continue to serve as leaders for their partitions?",The Zookeeper ensemble elects the new Controller based on ephemeral node creation sequence.,"The new partition leader is elected based on the ISR list order, favoring replicas with the most recent updates.","Brokers in the main cluster segment with access to Zookeeper retain their roles, while isolated brokers step down until connectivity is restored.","A, B, C","1. **- A. The Zookeeper ensemble elects the new Controller based on ephemeral node creation sequence.**
   
   Explanation: When the broker acting as the Controller fails, Zookeeper plays a crucial role in the election of a new Controller. Kafka brokers register themselves with Zookeeper using ephemeral nodes. When the current Controller's node disappears from Zookeeper (due to failure or disconnection), Zookeeper triggers the Controller re-election process among the live brokers. The new Controller is typically the first broker to respond to this trigger, based on the sequence of ephemeral node creation.

2. **B. The new partition leader is elected based on the ISR list order, favoring replicas with the most recent updates.**
   
   Explanation: Kafka does not use a random process or explicit network latency measurements to select a new leader among replicas. Instead, it relies on the ordered list of in-sync replicas (ISRs) for each partition. The new leader is usually the first replica in the ISR list that is still available. This mechanism ensures that the chosen leader is up-to-date with the latest messages to prevent data loss.

3. **C. Brokers in the main cluster segment with access to Zookeeper retain their roles, while isolated brokers step down until connectivity is restored.**
   
   Explanation: In the event of a network partition that isolates a subset of brokers, the decision on which brokers continue to serve as leaders for their partitions depends on their ability to communicate with Zookeeper. Brokers on the side of the partition that maintains connectivity to Zookeeper continue to function normally, retaining their roles. Meanwhile, isolated brokers lose their leadership status for partitions and step down, becoming followers if they are part of the ISR and can establish leadership once connectivity is restored and they rejoin the cluster. This ensures the cluster remains operational and consistent, prioritizing segments with Zookeeper connectivity.

D and E are incorrect options based on Kafka's current architecture and leader election protocols.",
5,broker-questions1-q5,Broker,Questions1,5,No,"A Kafka producer is configured to use the `acks=all` setting while publishing messages to a topic partition that has a replication factor of 3. The topic is also configured with `min.insync.replicas=2`. Broker A hosts the current leader for this partition, while Brokers B and C host the replicas. Due to unforeseen circumstances, both Broker B and Broker C go offline simultaneously. What is the impact on the producer's ability to successfully publish messages to this partition?","The producer will be able to publish messages, but with potential data loss.",The producer will temporarily be unable to publish messages until at least one replica broker comes back online.,The producer will continue to publish messages successfully without any impact.,The producer will immediately switch to another topic's partition that has all replicas available.,,,2,"The correct answer is **2. The producer will temporarily be unable to publish messages until at least one replica broker comes back online.**

Explanation:

1. **Incorrect**. With `acks=all`, the producer requires acknowledgments from the leader and all in-sync replicas (ISRs) to consider a message write successful. If Brokers B and C are offline, it's not a matter of potential data loss but rather that the producer cannot achieve the required acknowledgments from all replicas, as they are not available to replicate the data.

2. **Correct**. The `acks=all` setting ensures that the producer receives acknowledgments from the partition leader and all replicas before considering a message successfully published. If Brokers B and C, hosting the replicas, go offline, the condition for `acks=all` cannot be met because these replicas cannot acknowledge the message replication. As a result, the producer will be unable to publish new messages to this partition until at least one of the replicas (Broker B or C) becomes available again and can acknowledge the message replication alongside the leader (Broker A). If Brokers B and C were considered part of the ISR list before going down, the producer would be unable to publish messages because it expects acknowledgments from all ISRs, which now includes unavailable brokers. This state creates a temporary inability to publish new messages, as the producer cannot satisfy its acknowledgment requirements. However, the immediate effect of brokers going offline is that they are removed from the ISR for that partition. If the leader (Broker A) remains online but all replicas are offline, the ISR shrinks to include only the leader. In real-time operation, Kafka aims to maintain availability and durability, so the producer can still publish messages, but only if at least one replica comes back online to fulfill the acks=all requirement of replicating to all in-sync replicas. This detail was overlooked in the initial explanation. The immediate effect of the replica brokers going offline is that they are removed from the in-sync replica (ISR) list for the partition. Note that if the leader (Broker A) remains online, the producer can still publish messages to the partition, but the `acks=all` requirement ensures that the messages are replicated to all available ISRs before being considered successfully published. So, the producer's ability to publish depends on the presence of at least one ISR, which in this case would be just the leader until a replica comes back online.

3. **Incorrect**. The `acks=all` configuration means that the producer expects acknowledgments from all replicas to ensure data durability. If the replicas are down, the producer won't be able to receive acknowledgments from all required parties, impacting its ability to successfully publish messages. It's not about continuing without impact; the producer will face a temporary blockade in publishing messages.  Kafka aims to maintain a balance between availability and durability. While the `acks=all` setting prioritizes durability, Kafka's design allows for continued operation with a reduced ISR to maintain availability, as long as the minimum ISR count is met.

4. **Incorrect**. Kafka producers do not automatically switch to another topic's partition in response to issues with the current partition's replicas. The producer's target partition is determined by the partitioning logic (either default or custom) at the time of message production. Failures of replicas in a partition do not trigger automatic redirection of messages to different partitions within the same or different topics.",
6,broker-questions1-q6,Broker,Questions1,6,No,"When a Kafka broker starts up, it performs various initialization tasks. Which of the following is NOT one of these tasks?",Registering itself with Zookeeper.,Loading the replica assignment for each partition it hosts.,Creating a new Zookeeper znode for each topic it has partitions for.,Initializing the log directories for each partition it hosts.,,,3,"The correct answer is **3. Creating a new Zookeeper znode for each topic it has partitions for.**

Explanation:

1. **Incorrect**. When a Kafka broker starts up, one of the first tasks it performs is registering itself with Zookeeper. It creates an ephemeral znode under the `/brokers/ids` path in Zookeeper, which signifies its presence in the cluster.

2. **Incorrect**. The broker loads the replica assignment for each partition it hosts from Zookeeper during startup. This information is stored in Zookeeper under the `/brokers/topics` path and contains the mapping of partitions to their assigned replicas.

3. **Correct**. A Kafka broker does not create new Zookeeper znodes for each topic it has partitions for during startup. The topic znodes are created when the topics themselves are created, either through the Kafka admin tools or via the Kafka broker when it receives a request to create a new topic.

4. **Incorrect**. Initializing the log directories for each partition it hosts is an essential task performed by the broker during startup. It ensures that the necessary directory structure and files are in place for storing and managing the partition data.",
7,broker-questions1-q7,Broker,Questions1,7,No,"In a Kafka cluster, the Controller is responsible for managing partition states and leadership. How does the Controller ensure that partition leadership is evenly distributed among the brokers in the cluster?",The Controller periodically triggers a rebalance operation to redistribute partition leadership.,The Controller assigns leadership to the broker with the least number of leader partitions for each new partition.,The Controller uses a round-robin algorithm to assign leadership across brokers.,The Controller does not actively manage the distribution of partition leadership among brokers.,,,4,"The correct answer is **4. The Controller does not actively manage the distribution of partition leadership among brokers.**

Explanation:

1. **Incorrect**. The Controller does not periodically trigger rebalance operations to redistribute partition leadership. Rebalancing is typically initiated by Kafka administrators or automated tools based on cluster performance and resource utilization.

2. **Incorrect**. The Controller does not assign leadership based on the number of leader partitions each broker currently has. When a partition leader needs to be elected, the Controller selects the first replica in the ISR (in-sync replica) list, regardless of the broker's current leadership count.

3. **Incorrect**. The Controller does not use a round-robin algorithm to assign leadership across brokers. The leader election process is based on the ISR list and the availability of replicas, rather than a predetermined order or rotation.

4. **Correct**. The Controller's primary responsibility is to manage partition states and elect partition leaders when necessary, such as when a broker fails or a new partition is created. However, it does not actively aim to evenly distribute partition leadership among brokers. The distribution of partition leadership is a result of factors like topic creation, replica assignment, and broker failures, rather than being actively managed by the Controller.",
8,broker-questions1-q8,Broker,Questions1,8,No,"Consider a Kafka cluster with 5 brokers and a topic with 10 partitions and a replication factor of 3. The cluster experiences a network partition, splitting the brokers into two groups: Group A with 2 brokers and Group B with 3 brokers. Both groups can communicate with Zookeeper. How does Kafka handle partition leadership in this scenario?","Partitions with a leader in Group A will continue to function normally, while partitions with a leader in Group B will be offline until the network partition is resolved.","Partitions with a leader in Group B will continue to function normally, while partitions with a leader in Group A will elect new leaders from the ISRs in Group B.","All partitions will be offline until the network partition is resolved, as the brokers cannot reach a quorum for leader election.",The behavior is non-deterministic and depends on which group the Controller belongs to.,,,4,"The correct answer is **4. The behavior is non-deterministic and depends on which group the Controller belongs to.**

Explanation:

1. **Incorrect**. assume a deterministic outcome where one specific group automatically ""wins."" Since Zookeeper sees all brokers as alive, neither group is inherently prioritized.
2. **Incorrect**. same as 1

3. **Incorrect**. Not all partitions will be offline in this scenario. As long as a group of brokers (in this case, Group B) has a majority and can communicate with Zookeeper, Kafka will allow that group to continue operating and serving client requests for the partitions they hold the leadership for.

4. **Correct**. In a Zookeeper-based Kafka architecture, cluster membership and broker liveness are determined entirely by each broker's session with Zookeeper — not by direct broker-to-broker connectivity. Because both Group A and Group B can still successfully communicate with Zookeeper, no broker sessions will expire. As a result, the active Kafka Controller still views all 5 brokers as ""alive"" and will not proactively trigger any partition leader elections. However, the cluster's ability to process data will degrade asymmetrically based on exactly which broker is currently serving as the Controller. Followers in one group will be unable to fetch data from partition leaders in the opposite group. The leaders will detect this lag and attempt to remove the unreachable followers from the In-Sync Replicas (ISR) list. In modern Zookeeper-based Kafka releases (since KIP-497), a partition leader cannot update Zookeeper directly. It must send an AlterIsr (now AlterPartition) RPC request directly to the Controller broker to shrink the ISR. If the Controller resides in Group A, the partition leaders in Group A can successfully communicate with the Controller, shrink their ISRs, and continue functioning normally only if the current ISR is bigger than the minISR. However, leaders in Group B will be unable to reach the Controller. Their ISR updates will timeout. If producers are configured with acks=all, those partitions in Group B will effectively stop accepting writes because the offline replicas in Group A cannot be successfully removed from the ISR. If the Controller resides in Group B, the exact opposite occurs (Group B leaders can update the ISR and function, while Group A leaders block).",
9,broker-questions1-q9,Broker,Questions1,9,No,"In a Kafka cluster, a broker is configured with the following settings:
- `num.io.threads=8`
- `num.network.threads=4`
- `num.replica.fetchers=2`

What do these configurations control in terms of the broker's performance and resource utilization?","`num.io.threads` controls the number of threads used for disk I/O operations, `num.network.threads` controls the number of threads used for network I/O operations, and `num.replica.fetchers` controls the number of threads used for fetching messages from the leader replica.","`num.io.threads` controls the number of threads used for network I/O operations, `num.network.threads` controls the number of threads used for disk I/O operations, and `num.replica.fetchers` controls the number of threads used for fetching messages from the leader replica.","`num.io.threads` controls the number of threads used for disk I/O operations, `num.network.threads` controls the number of threads used for network I/O operations, and `num.replica.fetchers` controls the number of threads used for replicating messages to follower replicas.","`num.io.threads` controls the number of threads used for replicating messages to follower replicas, `num.network.threads` controls the number of threads used for disk I/O operations, and `num.replica.fetchers` controls the number of threads used for network I/O operations.",,,1,"The correct answer is **1. `num.io.threads` controls the number of threads used for disk I/O operations, `num.network.threads` controls the number of threads used for network I/O operations, and `num.replica.fetchers` controls the number of threads used for fetching messages from the leader replica.**

Explanation:

1. **Correct**. The given configurations control different aspects of the broker's performance and resource utilization:
   - `num.io.threads` specifies the number of I/O threads the broker uses for disk I/O operations, such as reading and writing message data to disk.
   - `num.network.threads` specifies the number of network threads the broker uses for handling network I/O operations, such as accepting client connections and processing requests.
   - `num.replica.fetchers` specifies the number of threads used by the broker to fetch messages from the leader replica for partitions it is a follower for. These threads are responsible for replicating data from the leader to the follower replicas.

2. **Incorrect**. The description of `num.io.threads` and `num.network.threads` is swapped in this option. `num.io.threads` is used for disk I/O operations, while `num.network.threads` is used for network I/O operations.

3. **Incorrect**. The description of `num.replica.fetchers` is incorrect in this option. `num.replica.fetchers` controls the number of threads used for fetching messages from the leader replica, not for replicating messages to follower replicas.

4. **Incorrect**. The descriptions of all three configurations are incorrect in this option. `num.io.threads` is used for disk I/O operations, `num.network.threads` is used for network I/O operations, and `num.replica.fetchers` is used for fetching messages from the leader replica.",
10,broker-questions1-q10,Broker,Questions1,10,No,"A Kafka broker is configured with the following settings:
- `log.segment.bytes=1073741824`
- `log.segment.ms=86400000`
- `log.retention.bytes=-1`
- `log.retention.ms=604800000`

Based on these configurations, when will Kafka start a new log segment for a partition, and how long will the old log segments be retained?","Kafka will start a new log segment when the current segment reaches 1 GB in size or after 24 hours, whichever comes first. Old log segments will be retained for 7 days.","Kafka will start a new log segment when the current segment reaches 1 GB in size or after 24 hours, whichever comes first. Old log segments will be retained indefinitely.","Kafka will start a new log segment when the current segment reaches 1 GB in size. Old log segments will be retained for 7 days or until the total log size exceeds 1 GB, whichever comes first.","Kafka will start a new log segment after 24 hours, regardless of the size. Old log segments will be retained for 7 days or until the total log size exceeds 1 GB, whichever comes first.",,,1,"The correct answer is **1. Kafka will start a new log segment when the current segment reaches 1 GB in size or after 24 hours, whichever comes first. Old log segments will be retained for 7 days.**

Explanation:

1. **Correct**. The given configurations control the log segment creation and retention policies for Kafka:
   - `log.segment.bytes=1073741824` specifies that a new log segment should be started when the current segment reaches 1 GB (1073741824 bytes) in size.
   - `log.segment.ms=86400000` specifies that a new log segment should be started after 24 hours (86400000 milliseconds), even if the current segment has not reached the size limit.
   - `log.retention.bytes=-1` indicates that there is no size-based retention limit for log segments. The value -1 means that log segments will not be deleted based on their total size.
   - `log.retention.ms=604800000` specifies that log segments should be retained for 7 days (604800000 milliseconds) before being eligible for deletion.

   Therefore, Kafka will start a new log segment when either the size limit (1 GB) or the time limit (24 hours) is reached, whichever comes first. Old log segments will be retained for 7 days based on the `log.retention.ms` setting.

2. **Incorrect**. While the log segment creation policy is correctly described, the retention policy is incorrect. Old log segments will not be retained indefinitely, as `log.retention.ms` is set to 7 days (604800000 milliseconds).

3. **Incorrect**. The log segment creation policy is partially correct, but it ignores the time-based limit specified by `log.segment.ms`. Additionally, the retention policy is incorrect, as `log.retention.bytes=-1` means that there is no size-based retention limit.

4. **Incorrect**. The log segment creation policy is incorrect, as it ignores the size-based limit specified by `log.segment.bytes`. The retention policy is also incorrect, as `log.retention.bytes=-1` means that there is no size-based retention limit.",
11,broker-questions2-q11,Broker,Questions2,11,No,"A Kafka cluster is configured with the following settings:
- `default.replication.factor=2`
- `min.insync.replicas=2`

What is the minimum number of brokers required in the cluster to ensure that the cluster can tolerate at least one broker failure without losing the ability to serve write requests?",1,2,3,4,,,3,"The correct answer is **3. 3**.

Explanation:
To tolerate at least one broker failure without losing the ability to serve write requests, the cluster must have enough brokers to satisfy the `min.insync.replicas` requirement even when one broker is down.

With `default.replication.factor=2`, each partition will have two replicas (one leader and one follower). To ensure that writes can succeed even if one broker fails, there must be at least one in-sync replica (ISR) available to acknowledge the write.

Since `min.insync.replicas=2`, a minimum of two replicas (including the leader) must be in-sync for a write to be considered successful. Therefore, the cluster needs at least three brokers to guarantee that there will always be at least two replicas available, even if one broker fails.

If the cluster had only two brokers and one failed, the remaining broker would not be able to satisfy the `min.insync.replicas` requirement, and writes would fail.",
12,broker-questions2-q12,Broker,Questions2,12,No,"A Kafka cluster has the following configuration:
- `num.partitions=6`
- `default.replication.factor=3`

How many replicas will be created in total across all brokers for a newly created topic that uses the default settings?",6,9,12,18,,,4,"The correct answer is **4. 18**.

Explanation:
The total number of replicas created for a topic is determined by the number of partitions multiplied by the replication factor.

In this case, the cluster is configured with `num.partitions=6`, which means that a newly created topic using the default settings will have 6 partitions.

The `default.replication.factor` is set to 3, indicating that each partition will have 3 replicas (one leader and two followers).

To calculate the total number of replicas, we multiply the number of partitions by the replication factor:
- Total replicas = `num.partitions` × `default.replication.factor`
- Total replicas = 6 × 3 = 18

Therefore, a newly created topic with the default settings will have a total of 18 replicas distributed across the brokers in the cluster.",
13,broker-questions2-q13,Broker,Questions2,13,No,"A Kafka cluster has the following configuration:
- `unclean.leader.election.enable=false`

What is the implication of this setting when a partition leader fails and there are no in-sync replicas (ISRs) available?",The partition will remain unavailable until the failed leader recovers.,The partition will elect a new leader from the out-of-sync replicas to maintain availability.,The partition will automatically create a new replica to replace the failed leader.,The partition will be reassigned to another broker in the cluster.,,,1,"The correct answer is **1. The partition will remain unavailable until the failed leader recovers.**

Explanation:
When `unclean.leader.election.enable` is set to `false`, Kafka enforces a strict consistency model and does not allow the election of a leader from out-of-sync replicas.

In the event of a partition leader failure, Kafka will first attempt to elect a new leader from the set of in-sync replicas (ISRs). ISRs are replicas that are fully caught up with the leader and have all the latest messages.

However, if there are no ISRs available when the leader fails, Kafka has two options:
1. If `unclean.leader.election.enable` is set to `true`, Kafka will elect a new leader from the out-of-sync replicas to maintain availability, potentially resulting in data loss or inconsistency.
2. If `unclean.leader.election.enable` is set to `false`, Kafka will not elect a leader from the out-of-sync replicas and will instead keep the partition unavailable until the failed leader recovers or a new ISR becomes available.

In this scenario, since `unclean.leader.election.enable` is set to `false`, and there are no ISRs available, the partition will remain unavailable until the failed leader recovers. This ensures data consistency but may impact availability until the leader is back online.",
14,broker-questions2-q14,Broker,Questions2,14,No,"A Kafka broker is configured with the following settings:
- `num.replication.fetchers=4`
- `replica.fetch.max.bytes=1048576`

What is the maximum amount of data that can be fetched by the broker for replication purposes in a single request?",1 MB,4 MB,1048576 bytes,4194304 bytes,,,1,"The correct answer is **1. 1 MB**.

Explanation:
The maximum amount of data that can be fetched by the broker for replication purposes in a single request is determined by the `replica.fetch.max.bytes` configuration.

In this case, `replica.fetch.max.bytes` is set to 1048576, which is equal to 1 MB (1024 * 1024 bytes).

The `num.replication.fetchers` setting specifies the number of fetcher threads used to replicate messages from the leader. However, it does not directly impact the maximum amount of data that can be fetched in a single request.

Each fetcher thread can fetch up to `replica.fetch.max.bytes` of data in a single request. So, even though there are 4 fetcher threads (`num.replication.fetchers=4`), each thread is still limited by the `replica.fetch.max.bytes` value.

Therefore, the maximum amount of data that can be fetched by the broker for replication purposes in a single request is 1 MB, as specified by `replica.fetch.max.bytes`.",
15,broker-questions2-q15,Broker,Questions2,15,No,"A Kafka cluster is configured with the following settings:
- `log.retention.hours=48`
- `log.retention.bytes=1073741824`
- `log.segment.bytes=536870912`

Assuming a topic has a constant message production rate, which of the following factors will trigger a log segment to be eligible for deletion?",The log segment is older than 48 hours.,The log segment size exceeds 536870912 bytes (512 MB).,The total size of all log segments for one of the topic partitions exceeds 1073741824 bytes (1 GB).,All of the above.,,,4,"The correct answer is **4. All of the above**.

Explanation:
In Kafka, log retention is controlled by a combination of time-based and size-based policies. The configuration properties `log.retention.hours`, `log.retention.bytes`, and `log.segment.bytes` work together to determine when a log segment is eligible for deletion.

1. `log.retention.hours=48`: This setting specifies the maximum time a log segment can be retained before it becomes eligible for deletion. In this case, any log segment older than 48 hours will be eligible for deletion, regardless of its size.

2. `log.segment.bytes=536870912`: This setting determines the maximum size of a single log segment. When a log segment reaches this size (512 MB in this case), Kafka will close the current segment and start a new one. The old segment will be eligible for deletion based on the retention policies.

3. `log.retention.bytes=1073741824`: This setting specifies the maximum total size of all log segments for a topic. If the total size of all log segments exceeds this value (1 GB in this case), Kafka will start deleting the oldest segments to free up space, even if they haven't reached the time-based retention limit.

Therefore, a log segment will be eligible for deletion if any of the following conditions are met:
- The log segment is older than the retention time specified by `log.retention.hours`.
- The log segment size exceeds the size specified by `log.segment.bytes`.
- The total size of all log segments for the topic exceeds the size specified by `log.retention.bytes`.

All three factors independently contribute to the eligibility of a log segment for deletion.",
16,broker-questions2-q16,Broker,Questions2,16,No,A client connects to a broker in a Kafka cluster and sends a produce request for a topic partition. The broker responds with a 'Not Enough Replicas' error. What does the client do next?,Retries sending the produce request to the same broker,Sends metadata request to the same broker to refresh its metadata,Sends produce request to the controller broker,Sends metadata request to the Zookeeper to find the controller broker,,,A,"**Answer:** A

**Explanation:**
When a Kafka client receives a 'Not Enough Replicas' error from a broker, it means the broker doesn't have enough in-sync replicas to satisfy the request. The client's next step is to refresh its metadata by sending a metadata request to the same broker. This will provide the client with the most up-to-date information about the cluster, including the current leader for the partition.

- A is correct. In the Kafka protocol, a `NotEnoughReplicasException` (or `NotEnoughReplicasAfterAppendException`) is explicitly classified as a **retriable error**.
- B is incorrect. Sends metadata request to refresh: The client only invalidates its cache and requests a metadata refresh when it receives a routing-related error, such as `NotLeaderOrFollowerException` or `UnknownTopicOrPartitionException`. In this scenario, the client knows it has the right leader, so refreshing metadata is unnecessary.
- C is incorrect because the client doesn't directly send requests to the controller broker.
- D is incorrect because the client communicates with Zookeeper only for the initial bootstrap, not for regular operations.",
17,broker-questions2-q17,Broker,Questions2,17,No,A Kafka consumer is consuming from a topic partition. It sends a fetch request to the broker and receives a 'Replica Not Available' error. What is the consumer's next action?,Backs off and retries the fetch request after a short delay,Sends an offset commit request to trigger partition rebalancing,Sends a metadata request to refresh its view of the cluster,Closes the connection and tries connecting to a different broker,,,C,"**Answer:** C

**Explanation:**
When a consumer receives a 'Replica Not Available' error, it means the broker it's connected to doesn't have a replica of the partition available to serve the request. The consumer's next step is to send a metadata request to refresh its view of the cluster. This will provide updated information about which brokers are currently hosting the partition replicas.

- A is incorrect because simply retrying after a delay may not resolve the issue if the consumer's metadata is stale.
- B is incorrect because committing offsets is not directly related to handling this error and doesn't trigger rebalancing.
- D is incorrect because closing the connection is not necessary. The consumer can refresh metadata over the existing connection.",
18,broker-questions2-q18,Broker,Questions2,18,No,"What happens if you produce to a topic that does not exist, and the broker setting `auto.create.topics.enable` is set to `false`?",The broker will create the topic with default configurations,The broker will reject the produce request and the producer will throw an exception,The producer will automatically create the topic,The producer will wait until the topic is created,,,B,"**Answer:** B

**Explanation:**
When `auto.create.topics.enable` is set to `false` on the Kafka brokers, they will not automatically create a topic if a producer tries to produce to a non-existent topic. Instead, the broker will reject the produce request, and the producer will throw a `TopicExistsException`.

- A is incorrect because the broker will not create the topic when `auto.create.topics.enable` is `false`.
- C is incorrect because the producer does not have the ability to create topics, only the broker does.
- D is incorrect because the producer will not wait, it will immediately throw an exception.",
19,broker-questions2-q19,Broker,Questions2,19,No,What is the default value of `auto.create.topics.enable` in Kafka?,`true`,`false`,It is not set by default,It depends on the Kafka version,,,A,"**Answer:** A

**Explanation:**
In Kafka, `auto.create.topics.enable` is set to `true` by default. This means that by default, when a producer tries to produce to a non-existent topic or a consumer tries to consume from a non-existent topic, Kafka will automatically create the topic with default configurations.

- B is incorrect because `false` is not the default value.
- C is incorrect because the property does have a default value.
- D is incorrect because the default value is consistent across Kafka versions.",
20,broker-questions2-q20,Broker,Questions2,20,No,"When a topic is automatically created due to `auto.create.topics.enable` being `true`, what configurations are used for the new topic?",The configurations specified by the producer or consumer,The default configurations set on the broker,A combination of producer/consumer configurations and broker defaults,"No configurations are set, the topic is created with empty configuration",,,B,"**Answer:** B

**Explanation:**
When Kafka automatically creates a topic due to `auto.create.topics.enable` being `true`, it uses the default topic configurations set on the broker. These defaults are defined by the following broker settings:

- `num.partitions`: The default number of partitions for automatically created topics.
- `default.replication.factor`: The default replication factor for automatically created topics.

Any topic-level configurations set by the producer or consumer are ignored during automatic topic creation.

- A and C are incorrect because the producer/consumer configurations are not used for automatic topic creation.
- D is incorrect because the topic is not created with empty configuration, but with the broker's default configurations.",
21,broker-questions3-q21,Broker,Questions3,21,No,Can Kafka's zero-copy optimization be used in combination with compression?,"Yes, zero-copy and compression can be used together seamlessly.","No, zero-copy is incompatible with compression and cannot be used together.","Zero-copy can be used with compression, but it requires additional configuration.",Zero-copy is automatically disabled when compression is enabled.,,,A,"**Answer:** A

**Explanation:**
Kafka's zero-copy optimization can be used in combination with compression seamlessly. Zero-copy and compression are independent features that can work together to optimize data transfer and storage in Kafka.

Here's how zero-copy and compression can be used together:

1. Producer-side compression:
   - Before sending data to Kafka, the producer application can compress the data using a compression algorithm supported by Kafka, such as Gzip, Snappy, or LZ4.
   - Compression reduces the size of the data, which can help save network bandwidth and storage space.

2. Zero-copy data transfer:
   - When the producer sends the compressed data to Kafka, Kafka uses zero-copy optimization to transfer the compressed data directly from the file system cache to the network buffer.
   - Zero-copy operates on the compressed data without any modifications or decompression.

3. Broker-side storage:
   - Kafka brokers store the compressed data as-is, without decompressing it.
   - Storing compressed data helps optimize storage utilization and reduces the storage footprint of the Kafka cluster.

4. Consumer-side decompression:
   - When the consumer receives the compressed data from Kafka, it needs to decompress the data before processing it.
   - The consumer is responsible for decompressing the data using the same compression algorithm used by the producer.

Zero-copy and compression can work together seamlessly because zero-copy operates on the compressed data without any modifications. It transfers the compressed data efficiently from the producer to the consumer, while compression helps reduce the data size and optimize storage.

Using zero-copy with compression does not require any additional configuration (option C) and is not automatically disabled when compression is enabled (option D). Kafka supports the combination of zero-copy and compression out of the box.

- B. leveraging both zero-copy and compression, Kafka can achieve efficient data transfer, reduced network bandwidth usage, and optimized storage utilization, leading to improved overall performance and scalability of the Kafka cluster.",
22,broker-questions3-q22,Broker,Questions3,22,No,What is the relationship between the `replication.factor` of a topic and the `min.insync.replicas` setting?,`min.insync.replicas` must be less than or equal to the `replication.factor`,`min.insync.replicas` must be greater than the `replication.factor`,`min.insync.replicas` and `replication.factor` are independent settings,`min.insync.replicas` must be equal to the `replication.factor`,,,A,"**Answer:** A

**Explanation:**
The `replication.factor` of a topic and the `min.insync.replicas` setting are related, and there is a specific requirement for their values. The `min.insync.replicas` setting specifies the minimum number of in-sync replicas that must acknowledge a write for the write to be considered successful. For the producer to successfully write messages to a topic, the number of in-sync replicas must be greater than or equal to the `min.insync.replicas` value. Therefore, `min.insync.replicas` must be less than or equal to the `replication.factor` of the topic. If `min.insync.replicas` is set higher than the `replication.factor`, writes to the topic will fail because there won't be enough in-sync replicas to satisfy the `min.insync.replicas` requirement.",
23,broker-questions3-q23,Broker,Questions3,23,No,What happens when a producer sends a message with `acks=all` to a topic that has a `min.insync.replicas` value greater than the number of currently in-sync replicas?,The producer will receive an acknowledgment and the write will succeed,The producer will receive an error indicating that the `min.insync.replicas` requirement is not met,The producer will wait indefinitely until the number of in-sync replicas meets the `min.insync.replicas` requirement,The producer will ignore the `min.insync.replicas` setting and write the message successfully,,,B,"**Answer:** B

**Explanation:**
When a producer sends a message with `acks=all` to a topic that has a `min.insync.replicas` value greater than the number of currently in-sync replicas, the producer will receive an error indicating that the `min.insync.replicas` requirement is not met. The write operation will fail because the number of in-sync replicas is insufficient to satisfy the durability requirement specified by `min.insync.replicas`. The producer will not wait indefinitely for the number of in-sync replicas to increase, nor will it ignore the `min.insync.replicas` setting. Instead, it will immediately return an error to the producer, indicating that the write could not be completed successfully due to the lack of enough in-sync replicas.",
24,broker-questions3-q24,Broker,Questions3,24,No,What happens if you set both `log.retention.ms` and `log.retention.minutes` configurations in Kafka?,The larger unit value (minutes) will take precedence,The smaller unit value (milliseconds) will take precedence,Kafka will use an average of both values,It will result in a configuration error,,,B,"**Answer:** B

**Explanation:**
When you set both `log.retention.ms` and `log.retention.minutes` configurations in Kafka, the smaller unit value (milliseconds) will take precedence based on Kafka's unit-based precedence order. Kafka uses a precedence hierarchy where configurations with smaller time units override those with larger time units, regardless of their actual values.

The precedence order is:
1. `log.retention.ms` (highest precedence)
2. `log.retention.minutes` (secondary precedence)  
3. `log.retention.hours` (tertiary precedence)

This means that if `log.retention.ms` is configured, Kafka will use that value and ignore any settings for `log.retention.minutes` or `log.retention.hours`. This design allows for precise control while maintaining a clear hierarchy of configuration precedence.",
25,broker-questions3-q25,Broker,Questions3,25,No,How can you set a retention period of 2 weeks for a specific topic in Kafka?,Set `retention.ms=1209600000` in the topic configuration,Set `log.retention.hours=336` in the broker configuration,Set `log.retention.ms=1209600000` in the broker configuration,Set `retention.ms=1209600000` in the broker configuration,,,A,"**Answer:** A

**Explanation:**
To set a retention period of 2 weeks for a specific topic in Kafka, you need to set the `retention.ms` parameter in the topic configuration. The `retention.ms` parameter specifies the retention period in milliseconds. To calculate the value for 2 weeks, you can use the following formula:

2 weeks = 14 days
1 day = 24 hours
1 hour = 60 minutes
1 minute = 60 seconds
1 second = 1000 milliseconds
2 weeks = 14 days * 24 hours/day * 60 minutes/hour * 60 seconds/minute * 1000 milliseconds/second
= 1,209,600,000 milliseconds

Therefore, setting `retention.ms=1209600000` in the topic configuration will configure a retention period of 2 weeks for that specific topic. Setting the retention period in the broker configuration using `log.retention.hours` or `log.retention.ms` would apply the retention period to all topics in the cluster, not just a specific topic.",
26,broker-questions3-q26,Broker,Questions3,26,No,What is the default value of the `log.retention.hours` configuration in Kafka?,168 hours (1 week),24 hours (1 day),720 hours (30 days),Infinite retention,,,A,"**Answer:** A

**Explanation:**
The default value of the `log.retention.hours` configuration in Kafka is 168 hours, which is equivalent to 1 week. If no retention period is explicitly set using `log.retention.ms`, `log.retention.minutes`, or `log.retention.hours`, Kafka will retain log segments for a period of 1 week by default. This means that log segments older than 1 week will be automatically deleted by Kafka to free up storage space. However, it's important to note that the actual retention period can be influenced by other factors, such as the `log.retention.bytes` configuration, which limits the total size of log segments retained, and the `log.segment.bytes` configuration, which determines the size of individual log segments.",
27,cli-questions1-q1,CLI,Questions1,1,No,"Viewing Kafka Topic Configuration

**Question:**  
How can you view the current configuration of a Kafka topic?",Use the kafka-topics.sh --describe command,Use the kafka-configs.sh --describe command,Use the zookeeper-shell.sh command to navigate to the topic's configuration znode,Look in the Kafka broker's log files for the topic configuration,,,B,"**Answer:** B

**Explanation:**

To view the current configuration of a Kafka topic, you should use the kafka-configs.sh --describe command. This tool is designed to manage and display configurations for Kafka entities, including topics, brokers, and clients.

When you run:
```bash
kafka-configs.sh --bootstrap-server <broker> --entity-type topics --entity-name <topic-name> --describe
```

It retrieves and displays the configuration properties for the specified topic, such as:
- Retention policy (retention.ms)
- Cleanup policy (cleanup.policy)
- Compression type

**Option A**: The kafka-topics.sh --describe command provides metadata about the topic, such as partition count, replication factor, and leadership information, but does not show configuration properties like retention settings.

**Option C**: Using zookeeper-shell.sh to inspect topic configurations directly in Zookeeper is not recommended. This approach is outdated, especially as newer Kafka versions no longer rely on Zookeeper.

**Option D**: Topic configurations are not stored in the Kafka broker's log files. These files contain runtime logs, not configuration data.",
28,cli-questions1-q2,CLI,Questions1,2,No,What is the default behavior of the `kafka-console-consumer` when no consumer group is specified?,It joins a random consumer group,It creates a new consumer group with a generated name,It fails with an error indicating that a consumer group must be specified,It consumes messages without joining any consumer group,,,B,"**Answer:** B

**Explanation:**
When using the `kafka-console-consumer` CLI tool to consume messages from a Kafka topic, if you don't explicitly specify a consumer group using the `--group` option, the tool's default behavior is to create a new consumer group with a generated name.

The `kafka-console-consumer` automatically generates a unique consumer group name for each instance of the tool that is run without a specified group. The generated group name typically follows a pattern like `console-consumer-<random-string>`, where `<random-string>` is a randomly generated string to ensure uniqueness.

- B. creating a new consumer group for each instance, the `kafka-console-consumer` ensures that multiple instances of the tool can consume messages independently from the same topic without interfering with each other's offsets or causing rebalances.

Statement A is incorrect because the tool does not join a random existing consumer group. It creates a new group with a generated name.

Statement C is incorrect because the tool does not fail with an error when no consumer group is specified. It handles this scenario by creating a new group.

Statement D is incorrect because the `kafka-console-consumer` always joins a consumer group, even if it's a newly created one with a generated name. It does not consume messages without being part of a group.

</details>

 ## Question 3

How does the `kafka-console-consumer` behave when you specify the `--from-beginning` option?

- A. It starts consuming messages from the earliest available offset in the assigned partitions
- B. It starts consuming messages from the latest available offset in the assigned partitions
- C. It starts consuming messages from a specific offset that you provide
- D. It starts consuming messages from a random offset in the assigned partitions

<details>
<summary>Response:</summary> 

**Answer:** A

**Explanation:**
When you run the `kafka-console-consumer` CLI tool with the `--from-beginning` option, it starts consuming messages from the earliest available offset in the assigned partitions.

- B. default, when a consumer starts consuming from a topic, it begins from the latest offset, which means it will only receive new messages that are produced after the consumer started. However, when you specify the `--from-beginning` option, the consumer will seek to the earliest available offset in each assigned partition and start consuming messages from there.

This option is useful when you want to consume all the messages in a topic, including the older messages that were produced before the consumer started. It allows you to process the entire history of messages in the topic.

Keep in mind that consuming from the beginning can result in a large number of messages being processed, especially if the topic has a long retention period or has been receiving messages for a significant time.

Statement B is incorrect because the `--from-beginning` option does not start consuming from the latest offset. It starts from the earliest offset.

Statement C is incorrect because the `--from-beginning` option does not allow you to specify a specific offset to start consuming from. It always starts from the earliest available offset.

Statement D is incorrect because the `--from-beginning` option does not start consuming from a random offset. It deterministically starts from the earliest offset in each assigned partition.",
29,cli-questions1-q4,CLI,Questions1,4,No,What happens when you run multiple instances of the `kafka-console-consumer` with the same consumer group?,"The instances will consume messages independently, each receiving a copy of every message",The instances will collaborate and distribute the partitions among themselves for parallel consumption,"The instances will compete for messages, and each message will be consumed by only one instance","The instances will consume messages in a round-robin fashion, with each instance receiving a subset of messages",,,B,"**Answer:** B

**Explanation:**
When you run multiple instances of the `kafka-console-consumer` CLI tool with the same consumer group, the instances will collaborate and distribute the partitions among themselves for parallel consumption.

In Kafka, consumers within the same consumer group coordinate with each other to share the work of consuming messages from the topic partitions. When multiple consumers belong to the same group, Kafka assigns each partition to one consumer in the group. This assignment is dynamic and can change over time as consumers join or leave the group.

Here's how it works:

1. When the first consumer instance starts, it becomes the group leader and triggers a rebalance. It is assigned a subset of the topic partitions.
2. When subsequent consumer instances start with the same group, they join the group and trigger a rebalance. The partitions are redistributed among all the consumers in the group.
3. Each consumer instance will consume messages from its assigned partitions independently. Messages from a single partition are processed by only one consumer instance.
4. If a consumer instance fails or is terminated, the partitions it was consuming are redistributed among the remaining consumers in the group during a rebalance.

This collaborative consumption model allows for parallel processing of messages, improved throughput, and fault tolerance. The workload is distributed among the consumer instances, and if one instance fails, the others can take over its partitions.

Statement A is incorrect because the instances do not consume messages independently or receive a copy of every message. They collaborate and divide the partitions among themselves.

Statement C is incorrect because the instances do not compete for messages. Each message is consumed by only one instance, but the instances work together to distribute the partitions.

Statement D is incorrect because the instances do not consume messages in a round-robin fashion. Each instance is assigned specific partitions and consumes messages only from those partitions.",
30,cli-questions1-q5,CLI,Questions1,5,No,"How can you create a topic named ""test"" with 3 partitions and a replication factor of 2 using the Kafka CLI?",kafka-topics.sh --create --zookeeper localhost:2181 --topic test --partitions 3 --replication-factor 2,kafka-topics.sh --create --bootstrap-server localhost:9092 --topic test --partitions 3 --replication-factor 2,kafka-console-producer.sh --broker-list localhost:9092 --topic test --partitions 3 --replication-factor 2,kafka-console-consumer.sh --bootstrap-server localhost:9092 --topic test --partitions 3 --replication-factor 2,,,B,"**Answer:** B

**Explanation:**
To create a topic using the Kafka CLI, you should use the `kafka-topics.sh` command with the `--create` option. The `--bootstrap-server` option is used to specify the Kafka broker(s) to connect to, while `--zookeeper` is deprecated. The `--partitions` and `--replication-factor` options are used to set the desired number of partitions and replication factor for the topic.",
31,cli-questions1-q6,CLI,Questions1,6,No,Which command can you use to list all the topics in a Kafka cluster?,kafka-topics.sh --list --zookeeper localhost:2181,kafka-topics.sh --list --bootstrap-server localhost:9092,kafka-console-producer.sh --list --broker-list localhost:9092,kafka-console-consumer.sh --list --bootstrap-server localhost:9092,,,B,"**Answer:** B

**Explanation:**
To list all the topics in a Kafka cluster, you should use the `kafka-topics.sh` command with the `--list` option. The `--bootstrap-server` option is used to specify the Kafka broker(s) to connect to. The `--zookeeper` option is deprecated in newer versions of Kafka.",
32,cli-questions1-q7,CLI,Questions1,7,No,"**Question:**  
How can you describe the configuration of a topic named ""test"" using the Kafka CLI?",kafka-topics.sh --describe --topic test --zookeeper localhost:2181,kafka-topics.sh --describe --topic test --bootstrap-server localhost:9092,kafka-configs.sh --describe --entity-type topics --entity-name test --zookeeper localhost:2181,kafka-configs.sh --describe --entity-type topics --entity-name test --bootstrap-server localhost:9092,,,D,"**Answer:** D

To describe the configuration of a topic, you should use the `kafka-configs.sh` command with the `--describe` option. The `--entity-type` option should be set to ""topics"", and the `--entity-name` option should be set to the name of the topic. The `--bootstrap-server` option is used to specify the Kafka broker(s) to connect to, while `--zookeeper` is deprecated.

**Explanation:**

**Option A**: This is incorrect for two reasons:
1. It uses `kafka-topics.sh` instead of `kafka-configs.sh`
2. It uses the deprecated `--zookeeper` option

**Option B**: While this uses the correct `--bootstrap-server` option, it still uses `kafka-topics.sh` which shows topic metadata but not configuration properties.

**Option C**: This uses the correct tool (`kafka-configs.sh`) but with the deprecated `--zookeeper` option, which should not be used in current Kafka versions.",
33,cli-questions1-q8,CLI,Questions1,8,No,Which Kafka CLI command is used to produce messages to a topic?,kafka-console-producer.sh,kafka-console-consumer.sh,kafka-topics.sh,kafka-configs.sh,,,A,"**Answer:** A

**Explanation:**
To produce messages to a topic using the Kafka CLI, you should use the `kafka-console-producer.sh` command. This command reads input from the console and publishes it to the specified Kafka topic. You need to provide the `--bootstrap-server` or `--broker-list` option to specify the Kafka broker(s) to connect to, and the `--topic` option to specify the topic to produce messages to.",
34,cli-questions1-q9,CLI,Questions1,9,No,"How can you consume messages from the beginning of a topic named ""test"" using the Kafka CLI?",kafka-console-consumer.sh --bootstrap-server localhost:9092 --topic test --from-beginning,kafka-console-consumer.sh --bootstrap-server localhost:9092 --topic test,kafka-console-producer.sh --bootstrap-server localhost:9092 --topic test --from-beginning,kafka-console-producer.sh --bootstrap-server localhost:9092 --topic test,,,A,"**Answer:** A

**Explanation:**
To consume messages from the beginning of a topic using the Kafka CLI, you should use the `kafka-console-consumer.sh` command with the `--from-beginning` option. This option tells the consumer to start consuming from the earliest available offset in the topic. The `--bootstrap-server` option is used to specify the Kafka broker(s) to connect to, and the `--topic` option is used to specify the topic to consume from.",
35,cli-questions1-q10,CLI,Questions1,10,No,What is the purpose of the `--group` option in the `kafka-console-consumer.sh` command?,To specify the consumer group ID for the console consumer,To specify the number of consumer instances in the group,To specify the list of topics to consume from,To specify the bootstrap server for the consumer,,,A,"**Answer:** A

**Explanation:**
The `--group` option in the `kafka-console-consumer.sh` command is used to specify the consumer group ID for the console consumer. If not specified, the console consumer will join a random consumer group. Specifying a group ID allows multiple consumer instances to coordinate and distribute the partitions of a topic among themselves for parallel consumption.",
36,cli-questions2-q11,CLI,Questions2,11,No,"How can you delete a topic named ""test"" using the Kafka CLI?",kafka-topics.sh --delete --topic test --zookeeper localhost:2181,kafka-topics.sh --delete --topic test --bootstrap-server localhost:9092,kafka-configs.sh --delete --entity-type topics --entity-name test --bootstrap-server localhost:9092,kafka-console-producer.sh --delete --topic test --bootstrap-server localhost:9092,,,B,"**Answer:** B

**Explanation:**
To delete a topic using the Kafka CLI, you should use the `kafka-topics.sh` command with the `--delete` option. The `--bootstrap-server` option specifies the Kafka broker(s) to connect to.",
37,cli-questions2-q12,CLI,Questions2,12,No,What command can you use to reset offsets for a consumer group in Kafka?,kafka-consumer-groups.sh --reset-offsets,kafka-topics.sh --reset-offsets,kafka-console-consumer.sh --reset-offsets,kafka-configs.sh --reset-offsets,,,A,"**Answer:** A

**Explanation:**
To reset offsets for a consumer group, you should use the `kafka-consumer-groups.sh` command with the `--reset-offsets` option.",
38,cli-questions2-q13,CLI,Questions2,13,No,How can you check the consumer group lag for a specific consumer group using the Kafka CLI?,kafka-consumer-groups.sh --describe --group <group-id> --bootstrap-server localhost:9092,kafka-topics.sh --describe --group <group-id> --bootstrap-server localhost:9092,kafka-configs.sh --describe --group <group-id> --bootstrap-server localhost:9092,kafka-console-consumer.sh --describe --group <group-id> --bootstrap-server localhost:9092,,,A,"**Answer:** A

**Explanation:**
To check the consumer group lag, you should use the `kafka-consumer-groups.sh` command with the `--describe` option and specify the `--group` option along with the consumer group ID.",
39,cli-questions2-q14,CLI,Questions2,14,No,Which command is used to increase the number of partitions for an existing topic?,kafka-topics.sh --alter --topic <topic-name> --partitions <number-of-partitions> --bootstrap-server localhost:9092,kafka-topics.sh --create --topic <topic-name> --partitions <number-of-partitions> --bootstrap-server localhost:9092,kafka-configs.sh --alter --entity-type topics --entity-name <topic-name> --partitions <number-of-partitions> --bootstrap-server localhost:9092,kafka-console-producer.sh --alter --topic <topic-name> --partitions <number-of-partitions> --bootstrap-server localhost:9092,,,A,"**Answer:** A

**Explanation:**
To increase the number of partitions for an existing topic, you should use the `kafka-topics.sh` command with the `--alter` option and specify the `--partitions` option with the new number of partitions.",
40,cli-questions2-q15,CLI,Questions2,15,No,How can you view the log of a specific Kafka topic?,kafka-log-dirs.sh --describe --topic <topic-name> --bootstrap-server localhost:9092,kafka-console-consumer.sh --topic <topic-name> --from-beginning --bootstrap-server localhost:9092,kafka-topics.sh --describe --topic <topic-name> --bootstrap-server localhost:9092,kafka-console-producer.sh --log --topic <topic-name> --bootstrap-server localhost:9092,,,B,"**Answer:** B

**Explanation:**
To view the log of a specific Kafka topic, you can use the `kafka-console-consumer.sh` command with the `--from-beginning` option to start consuming messages from the earliest available offset in the topic.",
41,cli-questions2-q16,CLI,Questions2,16,No,Which command can be used to change the configuration of a Kafka broker?,kafka-configs.sh --alter --entity-type brokers --entity-name <broker-id> --add-config <key>=<value> --bootstrap-server localhost:9092,kafka-configs.sh --alter --entity-type brokers --entity-name <broker-id> --add-config <key>=<value> --zookeeper localhost:2181,kafka-topics.sh --alter --entity-type brokers --entity-name <broker-id> --add-config <key>=<value> --bootstrap-server localhost:9092,kafka-topics.sh --alter --entity-type brokers --entity-name <broker-id> --add-config <key>=<value> --zookeeper localhost:2181,,,A,"**Answer:** A

**Explanation:**
To change the configuration of a Kafka broker, you should use the `kafka-configs.sh` command with the `--alter` option, specifying the `--entity-type` as brokers and the `--entity-name` as the broker ID. The `--bootstrap-server` option specifies the Kafka broker(s) to connect to.",
42,cli-questions2-q17,CLI,Questions2,17,No,How can you reassign partitions in a Kafka cluster?,kafka-reassign-partitions.sh --execute --reassignment-json-file <file-path> --bootstrap-server localhost:9092,kafka-topics.sh --execute --reassignment-json-file <file-path> --bootstrap-server localhost:9092,kafka-console-producer.sh --execute --reassignment-json-file <file-path> --bootstrap-server localhost:9092,kafka-configs.sh --execute --reassignment-json-file <file-path> --bootstrap-server localhost:9092,,,A,"**Answer:** A

**Explanation:**
To reassign partitions in a Kafka cluster, you should use the `kafka-reassign-partitions.sh` command with the `--execute` option and provide the path to the reassignment JSON file.",
43,cli-questions2-q18,CLI,Questions2,18,No,Which command can be used to create a consumer group in Kafka?,kafka-console-consumer.sh --create-group --group <group-id> --bootstrap-server localhost:9092,kafka-consumer-groups.sh --create --group <group-id> --bootstrap-server localhost:9092,kafka-topics.sh --create-group --group <group-id> --bootstrap-server localhost:9092,Kafka consumer groups are created automatically when a consumer joins the group for the first time.,,,D,"**Answer:** D

**Explanation:**
Kafka consumer groups are created automatically when a consumer joins the group for the first time. There is no specific CLI command to create a consumer group manually.",
44,cli-questions2-q19,CLI,Questions2,19,No,How can you move messages from one Kafka topic to another using the CLI?,kafka-reassign-partitions.sh --source-topic <source-topic> --destination-topic <destination-topic> --bootstrap-server localhost:9092,Use a combination of kafka-console-consumer.sh and kafka-console-producer.sh,kafka-topics.sh --move --source-topic <source-topic> --destination-topic <destination-topic> --bootstrap-server localhost:9092,kafka-console-producer.sh --move --source-topic <source-topic> --destination-topic <destination-topic> --bootstrap-server localhost:9092,,,B,"**Answer:** B

**Explanation:**
To move messages from one Kafka topic to another using the CLI, you can use a combination of `kafka-console-consumer.sh` to consume messages from the source topic and `kafka-console-producer.sh` to produce them to the destination topic.",
45,cli-questions2-q20,CLI,Questions2,20,No,What is the purpose of the `--offset` option in the `kafka-console-consumer.sh` command?,To specify the starting offset for consuming messages,To specify the offset at which messages should be deleted,To specify the offset at which messages should be produced,To reset the offset for a consumer group,,,A,"**Answer:** A

**Explanation:**
The `--offset` option in the `kafka-console-consumer.sh` command is used to specify the starting offset for consuming messages. This allows you to start consuming from a specific point in the topic.",
46,cluster-administration-questions1-q1,Cluster-Administration,Questions1,1,Yes,Which of the following is stored in Zookeeper for a Kafka cluster? (Select two),Consumer offsets,Kafka broker information,Topic partition assignments,Topic-level configurations,Producer client IDs,,"B, D","**Answer:** B, D

**Explanation:**
In a Kafka cluster, Zookeeper is used to store critical cluster metadata. This includes:

- Kafka broker information: Details about each broker in the cluster.
- Topic-level configurations: Topic configurations such as retention policies, replication factors, etc.

The other options are stored elsewhere:

- A: Consumer offsets are stored in the `__consumer_offsets` topic in Kafka itself, not in Zookeeper.
- C: Topic partition assignments are managed by the Kafka controller, not stored in Zookeeper.
- E: Producer client IDs are not stored in Zookeeper. They are just identifiers used by the producer clients.",
47,cluster-administration-questions1-q2,Cluster-Administration,Questions1,2,No,"In a Kafka cluster, you have a topic with 6 partitions and a replication factor of 3. How many replicas of each partition will be spread across the brokers?",1 replica per partition,2 replicas per partition,3 replicas per partition,6 replicas per partition,,,C,"**Answer:** C

**Explanation:**
In Kafka, the replication factor determines the number of copies (replicas) of each partition that will be maintained across the brokers in the cluster. When you create a topic with a specific replication factor, Kafka ensures that each partition has the specified number of replicas distributed across different brokers.

In this case, with a replication factor of 3, each partition will have 3 replicas. These replicas will be spread across different brokers in the cluster to provide fault tolerance and high availability.

Here's how the replicas will be distributed:

- Each partition will have one leader replica and two follower replicas.
- The leader replica handles all read and write operations for the partition.
- The follower replicas continuously replicate the data from the leader replica to maintain an identical copy.
- The follower replicas are ready to take over as the leader if the current leader fails.

With 6 partitions and a replication factor of 3, there will be a total of 18 replicas (6 partitions × 3 replicas per partition) distributed across the brokers in the cluster. Kafka will automatically assign the replicas to different brokers to ensure data redundancy and fault tolerance.

It's important to note that the number of replicas per broker may vary depending on the number of brokers in the cluster and how Kafka distributes the replicas. Kafka aims to evenly distribute the replicas across the available brokers to balance the load and ensure optimal performance.",
48,cluster-administration-questions1-q3,Cluster-Administration,Questions1,3,No,What happens to the replicas when a broker in a Kafka cluster goes down?,All replicas on the failed broker are permanently lost,The replicas on the failed broker are automatically redistributed to other brokers,The replicas on the failed broker become unavailable until the broker is restarted,The replicas on the failed broker are immediately promoted to be leaders on other brokers,,,C,"**Answer:** C

**Explanation:**
When a broker in a Kafka cluster goes down, the replicas hosted on that broker become unavailable until the broker is restarted. Kafka is designed to handle broker failures and ensure data integrity and availability through replication.

Here's what happens to the replicas when a broker fails:

1. The replicas hosted on the failed broker become inaccessible.
2. For partitions where the failed broker was hosting the leader replica:
   - One of the follower replicas on another broker is promoted to become the new leader.
   - Clients (producers and consumers) automatically reconnect to the new leader replica.
   - The new leader starts accepting read and write operations for the partition.
3. For partitions where the failed broker was hosting a follower replica:
   - The leader replica on another broker continues to serve read and write operations.
   - The follower replicas on other brokers continue to replicate data from the leader.
4. When the failed broker is restarted:
   - It rejoins the cluster and starts catching up with the latest data from the leader replicas.
   - Once the replicas on the restarted broker are fully caught up, they can serve as leaders or followers again.

It's important to note that while the replicas on the failed broker are unavailable, Kafka maintains data availability and integrity through replication on other brokers. As long as there are enough in-sync replicas (ISRs) available, Kafka can continue serving read and write operations for the affected partitions.

However, if the number of in-sync replicas falls below the configured `min.insync.replicas` setting, Kafka will stop accepting writes to the affected partitions to prevent data loss.",
49,cluster-administration-questions1-q4,Cluster-Administration,Questions1,4,No,How does Kafka ensure data integrity and consistency across replicas?,By using a two-phase commit protocol,By relying on ZooKeeper for distributed consensus,By implementing a leader-follower replication model,By using a gossip protocol for eventual consistency,,,C,"**Answer:** C

**Explanation:**
Kafka ensures data integrity and consistency across replicas by implementing a leader-follower replication model. In this model, each partition has one leader replica and zero or more follower replicas.

Here's how Kafka maintains data integrity and consistency:

1. Leader replica:
   - The leader replica is responsible for handling all read and write operations for a partition.
   - When a producer writes data to a partition, it sends the data to the leader replica.
   - The leader replica appends the data to its log and assigns it an offset.
2. Follower replicas:
   - The follower replicas continuously replicate data from the leader replica.
   - They fetch new data from the leader and append it to their own logs.
   - The follower replicas aim to stay in sync with the leader by replicating data as quickly as possible.
3. In-sync replicas (ISRs):
   - An in-sync replica is a replica (leader or follower) that is fully caught up with the leader and has all the latest data.
   - The set of in-sync replicas is maintained by the leader and communicated to the cluster controller.
   - Only in-sync replicas are eligible to become the leader in case of a failure.
4. Consistency guarantees:
   - Kafka guarantees that data is considered committed only when it has been successfully replicated to all in-sync replicas.
   - Producers can specify the `acks` configuration to control the level of durability and consistency required for their writes.
   - Consumers always read committed data from the leader replica to ensure consistency.

- B. using this leader-follower replication model, Kafka ensures that data is consistently replicated across multiple brokers. The leader replica acts as the authoritative source of data, and the follower replicas continuously replicate data from the leader to maintain consistency.

Kafka's replication mechanism provides fault tolerance, high availability, and data durability. If a leader replica fails, one of the in-sync follower replicas is automatically promoted to be the new leader, ensuring continued availability of data.",
50,consumer-questions1-q1,Consumer,Questions1,1,Yes,Which of the following is stored in the Kafka `__consumer_offsets` topic? (Select two),The latest committed offset for each consumer group,The list of consumers in each consumer group,The mapping of partitions to consumer groups,The last produced message for each topic partition,The earliest committed offset for each consumer group,,"A, C","**Answer:** A, C

**Explanation:**
The `__consumer_offsets` topic in Kafka stores:

A. The latest committed offset for each consumer group: This allows consumers to resume consumption from the correct point after restarts or failures.
C. The mapping of partitions to consumer groups: The keys in the __consumer_offsets topic records include the Group ID, Topic, and Partition, effectively mapping consumer groups to the partitions they are consuming.
The other options are not stored in this topic:

B. The list of consumers in each consumer group: Managed by the Group Coordinator and not stored in __consumer_offsets.
D. The last produced message for each topic partition: Stored in the topic partitions themselves.
E. The earliest committed offset for each consumer group: Only the latest committed offsets are stored.",
51,consumer-questions1-q2,Consumer,Questions1,2,No,"There are two consumers C1 and C2 belonging to the same group G subscribed to topics T1, T2, and T3. Each topic has 4 partitions. Assuming all partitions have data, how many partitions will each consumer be assigned with the Range Assignor?","C1: 6 partitions, C2: 6 partitions","C1: 4 partitions, C2: 8 partitions","C1: 2 partitions from each topic, C2: 2 partitions from each topic","C1: 1 partition from each topic, C2: 3 partitions from each topic",,,A,"**Answer:** A

**Explanation:**
With the Range Assignor, each consumer will be assigned a contiguous range of partitions from each topic. In this case, with 4 partitions per topic and 2 consumers, each consumer will get 2 partitions from each topic.",
52,consumer-questions1-q3,Consumer,Questions1,3,No,"There are four consumers C1, C2, C3, C4 belonging to the same group G subscribed to two topics T1 and T2. T1 has 3 partitions and T2 has 2 partitions. With the Round Robin Assignor, which consumer(s) will be assigned partition 2 from topic T1?",C1,C2,C3,C4,,,C,"**Answer:** C

**Explanation:**
With the Round Robin Assignor, partitions are assigned to consumers sequentially, one by one, going around all the consumers repeatedly. In this case, the assignment will be:

- C1: T1-0, T2-1
- C2: T1-1, T2-0
- C3: T1-2
- C4: (no partitions)

So partition 2 from topic T1 will be assigned to consumer C3.",
53,consumer-questions1-q4,Consumer,Questions1,4,No,"There are three consumers C1, C2, C3 belonging to the same group G subscribed to a topic T. The topic has 10 partitions. If the Sticky Assignor is used, and C1 leaves the group, how will the partitions be rebalanced?",All partitions will be reassigned evenly among C2 and C3,"C2 and C3 will retain their existing partitions, and the partitions from C1 will be reassigned to either C2 or C3",All partitions will be reassigned randomly to C2 and C3,"C2 and C3 will retain their existing partitions, and the partitions from C1 will not be reassigned",,,B,"**Answer:** B

**Explanation:**
The Sticky Assignor aims to minimize partition movement when the group membership changes. When a consumer leaves, it tries to reassign the partitions from the leaving consumer to the remaining consumers, while keeping the existing assignments as sticky as possible.

- A, C are not correct because they involve unnecessary partition movement.
- D is incorrect because the partitions from the leaving consumer will be reassigned, not left unassigned.",
54,consumer-questions1-q5,Consumer,Questions1,5,No,A Kafka Streams application tries to consume from an input topic partition. It receives an 'Offset Out Of Range' error from the broker. How should the application handle this?,Reset the consumer offset to the earliest offset and retry,Reset the consumer offset to the latest offset and retry,Trigger a shutdown of the Streams application,Ignore the error and continue processing other partitions,,,A,"**Answer:** A

**Explanation:**
- A. 'Offset Out Of Range' error in Kafka Streams indicates that the application is trying to fetch from an offset that is no longer available in the partition, usually because the data has been deleted due to retention policies. The recommended way to handle this is to reset the consumer offset to the earliest available offset and retry consuming from there.

- B is not recommended because resetting to the latest offset will skip over the missing data.
- C is too extreme. The error can be handled without shutting down the entire application.
- D will lead to data loss as the partition with the error will be ignored.",
55,consumer-questions1-q6,Consumer,Questions1,6,No,You are designing a Kafka consumer application that will consume messages from a topic. The messages in the topic are in JSON format. Which of the following properties should you set in the consumer configuration?,`key.deserializer=JsonDeserializer`,`value.deserializer=JsonDeserializer`,`key.deserializer=StringDeserializer`,`value.deserializer=StringDeserializer`,,,B,"**Answer:** B

**Explanation:**
In a Kafka consumer application, you need to specify how to deserialize the message keys and values. Since the messages in the topic are in JSON format, you should set:

- `value.deserializer=JsonDeserializer`: This tells the consumer to use the `JsonDeserializer` to deserialize the message values from JSON to Java objects.

The other options are not correct:

- A: `key.deserializer=JsonDeserializer` would be correct if the message keys were also in JSON format. However, the question doesn't specify the key format.
- C and D: `StringDeserializer` is not appropriate because the message values are in JSON format, not plain strings.",
56,consumer-questions1-q7,Consumer,Questions1,7,No,A consumer wants to read messages from a specific partition of a topic. Which of the following methods should be used?,"`KafkaConsumer.subscribe(String topic, int partition)`",`KafkaConsumer.assign(Collection<TopicPartition> partitions)`,`KafkaConsumer.subscribe(Collection<TopicPartition> partitions)`,"`KafkaConsumer.assign(String topic, int partition)`",,,B,"**Answer:** B

**Explanation:**
To read messages from a specific partition of a topic, a consumer should use the `assign` method of the `KafkaConsumer` class.

The `assign` method takes a collection of `TopicPartition` objects as a parameter. Each `TopicPartition` represents a specific partition of a topic. By passing a collection of `TopicPartition` objects to `assign`, the consumer is explicitly assigned to those specific partitions.

The other options are incorrect:

- A and D are incorrect because `KafkaConsumer` does not have a method that takes a topic and partition as separate parameters.
- C is incorrect because `subscribe` is used for subscribing to entire topics, not specific partitions. When you subscribe to a topic, Kafka automatically assigns partitions to the consumer.

Using `assign` allows for fine-grained control over which partitions a consumer reads from. It's useful in scenarios where you want to manually balance partitions across consumers or implement a custom partition assignment strategy.",
57,consumer-questions1-q8,Consumer,Questions1,8,No,What happens when a consumer is assigned a partition that does not exist in the Kafka cluster?,The consumer will ignore the non-existent partition and continue processing other assigned partitions,The consumer will throw an exception and stop processing,The consumer will create the partition automatically,The consumer will wait until the partition is created,,,B,"**Answer:** B

**Explanation:**
When a consumer is assigned a partition that does not exist in the Kafka cluster, it will throw an exception and stop processing.

In Kafka, partitions are created administratively before data is produced to them. Consumers do not have the ability to create partitions automatically. If a consumer tries to read from a non-existent partition, it is considered an error condition.

When a consumer encounters a non-existent partition in its assignment:

- It will throw a `InvalidTopicException` or `UnknownTopicOrPartitionException`.
- The consumer will stop processing and will not continue reading from other assigned partitions.
- The application will need to handle the exception and decide how to proceed (e.g., logging an error, retrying with a valid assignment, etc.).

Therefore, statements A, C, and D are incorrect. The consumer will not ignore the non-existent partition, create it automatically, or wait for it to be created. It will throw an exception and stop processing.

To avoid this error, ensure that the partitions assigned to a consumer actually exist in the Kafka cluster. Double-check the topic names and partition numbers in your consumer configuration or application code.",
58,consumer-questions1-q9,Consumer,Questions1,9,No,Can a consumer dynamically change the partitions it is assigned to without stopping and restarting?,"Yes, by calling `KafkaConsumer.subscribe()` with a new set of topics","Yes, by calling `KafkaConsumer.assign()` with a new set of partitions","No, partition assignment can only be changed when the consumer is first started","No, partition assignment is fixed for the entire lifecycle of the consumer",,,B,"**Answer:** B

**Explanation:**
A Kafka consumer can dynamically change the partitions it is assigned to without stopping and restarting by calling the `KafkaConsumer.assign()` method with a new set of partitions.

The `assign` method allows a consumer to explicitly specify which partitions it should consume from. By calling `assign` with a different set of partitions, the consumer can dynamically change its assignment.

Here's how it works:

1. The consumer calls `assign` with a new collection of `TopicPartition` objects representing the desired partitions to consume from.
2. Kafka updates the consumer's assignment to the specified partitions.
3. The consumer will stop consuming from its previous assignment and start consuming from the newly assigned partitions.
4. The consumer can continue processing messages from the new partitions without needing to restart.

This dynamic partition assignment is useful in scenarios where you want to implement custom partition load balancing, respond to partition rebalances, or adjust consumer workload at runtime.

Statement A is incorrect because `subscribe` is used for subscribing to entire topics, not changing partition assignments. When you call `subscribe`, Kafka will automatically assign partitions to the consumer based on the configured partition assignment strategy.

Statements C and D are incorrect because partition assignment is not fixed for the entire lifecycle of a consumer. It can be changed dynamically using the `assign` method.",
59,consumer-questions1-q10,Consumer,Questions1,10,No,"A consumer is part of a consumer group and is currently processing messages. If the consumer crashes and is restarted, what will happen?",The consumer will resume processing from the last committed offset,The consumer will start processing from the earliest available offset,The consumer will start processing from the latest available offset,The consumer will be assigned a new set of partitions,,,A,"**Answer:** A

**Explanation:**
When a consumer in a consumer group crashes and is restarted, it will resume processing from the last committed offset.

In Kafka, each consumer in a consumer group maintains its own offset position for each partition it is assigned to. Periodically, the consumer commits its offsets to Kafka to mark its progress. If a consumer crashes or is shut down, its offsets remain committed in Kafka.

When the consumer is restarted:

1. It will rejoin the consumer group.
2. Kafka will reassign partitions to the consumers in the group, including the restarted consumer.
3. For each assigned partition, the consumer will resume processing from the last committed offset.

This behavior ensures that the consumer does not miss any messages and avoids duplicating message processing.

Statement B is incorrect because the consumer will not start from the earliest available offset unless it is explicitly configured to do so (e.g., by setting `auto.offset.reset=earliest`).

Statement C is incorrect because the consumer will not start from the latest available offset unless it is explicitly configured to do so (e.g., by setting `auto.offset.reset=latest`).

Statement D is incorrect because the consumer will not necessarily be assigned a new set of partitions. Kafka will reassign partitions based on the consumer group's partition assignment strategy, which may or may not result in the same assignments as before.",
60,consumer-questions2-q11,Consumer,Questions2,11,No,What happens when a new consumer joins an existing consumer group?,The new consumer will start consuming from the earliest available offset for all partitions,The new consumer will start consuming from the latest available offset for all partitions,The new consumer will be assigned a subset of partitions and start consuming from the last committed offset for each partition,The new consumer will wait until the next rebalance before starting to consume,,,C,"**Answer:** C

**Explanation:**
When a new consumer joins an existing consumer group, Kafka will trigger a rebalance of partitions among the consumers in the group, including the new consumer.

During the rebalance:

1. Kafka will assign a subset of the partitions to the new consumer based on the consumer group's partition assignment strategy.
2. For each assigned partition, the new consumer will start consuming from the last committed offset.

This behavior ensures that the new consumer starts processing at the correct position and does not duplicate or miss any messages.

Statement A is incorrect because the new consumer will not start from the earliest available offset unless it is explicitly configured to do so (e.g., by setting `auto.offset.reset=earliest`).

Statement B is incorrect because the new consumer will not start from the latest available offset unless it is explicitly configured to do so (e.g., by setting `auto.offset.reset=latest`).

Statement D is incorrect because the new consumer will not wait until the next rebalance. The joining of a new consumer itself triggers a rebalance, and the consumer starts consuming immediately after the rebalance completes.",
61,consumer-questions2-q12,Consumer,Questions2,12,No,What is the purpose of the `group.id` property in a Kafka consumer configuration?,To specify the ID of the consumer within a consumer group,To specify the ID of the consumer group the consumer belongs to,To specify the ID of the Kafka cluster the consumer connects to,To specify the ID of the partitions the consumer should read from,,,B,"**Answer:** B

**Explanation:**
The `group.id` property in a Kafka consumer configuration is used to specify the ID of the consumer group the consumer belongs to.

In Kafka, consumers can be organized into consumer groups for scalability and fault tolerance. Consumers within the same group coordinate with each other to distribute the partitions of a topic among themselves. Each consumer in a group is assigned a subset of the partitions to consume from.

The `group.id` serves as a unique identifier for a consumer group. All consumers with the same `group.id` are considered part of the same group and will work together to consume from the topic partitions.

Some key points about `group.id`:

- It is a required property for consumers that participate in a consumer group.
- Consumers with the same `group.id` belong to the same group and will coordinate partition assignments.
- Consumers with different `group.id`s are in separate groups and will each receive all messages from the topic independently.

Statement A is incorrect because the `group.id` identifies the group, not the individual consumer within the group. Kafka assigns each consumer a unique member ID within the group.

Statements C and D are incorrect because the `group.id` is not related to the Kafka cluster or the specific partitions to read from. It is solely used for consumer group coordination.",
62,consumer-questions2-q13,Consumer,Questions2,13,No,What is the default behavior of the auto.offset.reset configuration in Kafka consumers?,It starts consuming from the earliest offset if no committed offset is found,It starts consuming from the latest offset if no committed offset is found,It throws an exception if no committed offset is found,It waits for a committed offset to be available before starting consumption,,,C,"**Answer:** C

**Explanation:**
In Kafka consumers, the auto.offset.reset configuration determines the behavior when no committed offset is found for a partition. By default, if auto.offset.reset is not explicitly set, the consumer will throw an exception if it tries to consume from a partition without a committed offset.

The default behavior is designed to prevent accidental data loss or duplicate processing. If a consumer starts consuming from a partition without a committed offset, it may miss messages or consume messages that have already been processed by another consumer.

To change this behavior, you can explicitly set the auto.offset.reset configuration to one of the following values:

- ""earliest"": The consumer will start consuming from the earliest available offset in the partition if no committed offset is found. This ensures that the consumer processes all messages from the beginning of the partition.
- ""latest"": The consumer will start consuming from the latest offset in the partition if no committed offset is found. This means that the consumer will only process new messages that arrive after it starts consuming.

It's important to carefully consider the appropriate value for auto.offset.reset based on your application's requirements. Setting it to ""earliest"" may result in reprocessing messages, while setting it to ""latest"" may skip messages that were produced before the consumer started.

If you want to avoid exceptions and have more control over the starting offset, you can use the Kafka consumer's seek() method to manually set the offset before starting consumption.",
63,consumer-questions2-q14,Consumer,Questions2,14,No,What happens when a Kafka consumer with enable.auto.commit set to false calls the commitSync() method?,The consumer commits the offsets of the messages it has processed so far,The consumer commits the offsets of the messages it has fetched but not yet processed,The consumer does not commit any offsets and throws an exception,The consumer waits for the next batch of messages to be processed before committing offsets,,,A,"**Answer:** A

**Explanation:**
When a Kafka consumer has enable.auto.commit set to false, it means that the consumer is responsible for manually committing the offsets of the messages it has processed. In this case, when the consumer calls the commitSync() method, it explicitly commits the offsets of the messages it has processed so far.

Here's what happens when commitSync() is called:

1. The consumer sends a commit request to the Kafka broker, specifying the offsets it wants to commit for each partition it is consuming from.
2. The Kafka broker receives the commit request and updates the committed offsets for the consumer group in its metadata.
3. The broker sends a response back to the consumer indicating whether the commit was successful or not.
4. If the commit is successful, the consumer considers the processed messages as committed and will not receive them again even if it restarts.
5. If the commit fails, the consumer may retry the commit or handle the failure based on its error handling strategy.

It's important to note that commitSync() is a blocking call, meaning that the consumer will wait for the Kafka broker to respond before proceeding with further message processing. This can impact the throughput of the consumer, especially if commits are performed frequently.

- A. alternative to commitSync() is commitAsync(), which sends the commit request asynchronously and allows the consumer to continue processing messages without waiting for the commit response. However, with commitAsync(), the consumer needs to handle the commit callback to check for any commit failures.",
64,consumer-questions2-q15,Consumer,Questions2,15,No,What is the purpose of the isolation.level configuration in Kafka consumers?,To control the visibility of transactional messages,To specify the maximum number of messages to be read in a single batch,To determine the behavior when a partition is reassigned to another consumer in the group,To set the level of consistency for reading messages from a partition,,,A,"**Answer:** A

**Explanation:**
The isolation.level configuration in Kafka consumers is used to control the visibility of transactional messages. It determines how the consumer behaves when reading messages that are part of a transaction.

Kafka supports transactional message production and consumption, which allows producers to send messages as part of a transaction and ensures that either all messages in a transaction are successfully written to the partition or none of them are. Consumers, on the other hand, can control the visibility of these transactional messages using the isolation.level configuration.

The isolation.level configuration can be set to one of the following values:

1. ""read_uncommitted"" (default): With this isolation level, the consumer will read all messages in a partition, including transactional messages that are not yet committed. This means that the consumer may see messages that are part of an ongoing transaction or messages that were part of a transaction that was later aborted.

2. ""read_committed"": With this isolation level, the consumer will only read messages that are not part of an ongoing transaction and messages that are part of a committed transaction. It will wait until a transaction is committed before making its messages visible to the consumer. This ensures that the consumer only sees messages that are part of successful transactions.

The choice of isolation level depends on the requirements of your application. If your application needs to process messages as soon as they are available and can handle potentially uncommitted or aborted messages, you can use the default ""read_uncommitted"" isolation level. However, if your application requires strict consistency and needs to see only committed messages, you should set the isolation level to ""read_committed"".

It's important to note that using ""read_committed"" isolation level may introduce some latency in message consumption, as the consumer needs to wait for transactions to be committed before processing their messages.",
65,consumer-questions2-q16,Consumer,Questions2,16,No,What happens if you try to call `poll()` on a KafkaConsumer from multiple threads simultaneously?,The consumer will automatically coordinate the threads to process messages in parallel,The consumer will throw a ConcurrentModificationException,The behavior is undefined and may lead to unexpected results or errors,"The consumer will process messages sequentially, with each thread taking turns",,,C,"**Answer:** C

**Explanation:**
In Kafka, the KafkaConsumer is not thread-safe, which means that it should not be accessed concurrently by multiple threads. Attempting to call `poll()` on a KafkaConsumer from multiple threads simultaneously can lead to undefined behavior, unexpected results, or errors. This is because the consumer maintains internal state that can become corrupted or inconsistent if accessed concurrently.

The Kafka documentation states that the KafkaConsumer is not thread-safe and should only be used from a single thread. If you need to process messages concurrently, you should create multiple consumer instances, each running in its own thread, and partition the work among them.

Here are a few reasons why calling `poll()` from multiple threads simultaneously can be problematic:

1. The consumer maintains internal state, such as offset positions and partition assignments, which can become inconsistent if accessed concurrently.
2. The consumer may rebalance partitions or update its internal state based on the messages processed, and concurrent access can interfere with these operations.
3. The behavior of concurrent access to the consumer is not defined and may vary depending on the Kafka version, the JVM implementation, or other factors.

Therefore, it is important to ensure that a KafkaConsumer instance is only accessed by a single thread at a time. If you need to process messages concurrently, you should create multiple consumer instances and coordinate the work among them.",
66,consumer-questions2-q17,Consumer,Questions2,17,No,What is the recommended approach to process messages concurrently using the KafkaConsumer?,Create a single KafkaConsumer instance and share it among multiple threads,"Create multiple KafkaConsumer instances, each running in its own thread",Use a thread pool to process messages from a single KafkaConsumer instance,Use a lock or synchronization mechanism to coordinate access to a shared KafkaConsumer instance,,,B,"**Answer:** B

**Explanation:**
The recommended approach to process messages concurrently using the KafkaConsumer is to create multiple KafkaConsumer instances, each running in its own thread. This allows for parallel processing of messages while ensuring that each consumer instance is accessed by a single thread, avoiding thread-safety issues.

Here's how you can implement concurrent message processing using multiple KafkaConsumer instances:

1. Create a separate thread for each consumer instance.
2. In each thread, create a new KafkaConsumer instance and configure it with the desired properties (e.g., bootstrap servers, group ID, deserializers).
3. Subscribe each consumer instance to the topic(s) you want to consume from.
4. In each thread, continuously call `poll()` on the consumer instance to retrieve messages and process them independently.
5. Implement proper error handling and resource cleanup in each thread to handle exceptions and gracefully shutdown the consumers when necessary.

- B. running multiple consumer instances concurrently, you can achieve parallel processing of messages and improve the overall throughput of your application. Kafka's consumer group protocol ensures that each partition is assigned to only one consumer within a group, allowing for efficient and balanced distribution of work among the consumer instances.

It's important to note that when using multiple consumer instances, you should carefully consider the number of instances and the partition assignment strategy to ensure proper load balancing and avoid over-subscribing or under-utilizing the available partitions.",
67,consumer-questions2-q18,Consumer,Questions2,18,No,How does Kafka ensure that messages are processed in a balanced way when using multiple consumer instances in a consumer group?,Kafka assigns an equal number of messages to each consumer instance,Kafka assigns partitions to consumer instances in a round-robin fashion,Kafka dynamically adjusts the assignment of partitions based on consumer load,Kafka relies on ZooKeeper to distribute messages evenly among consumer instances,,,B,"**Answer:** B

**Explanation:**
When using multiple consumer instances in a consumer group, Kafka ensures that messages are processed in a balanced way by assigning partitions to consumer instances in a round-robin fashion. This means that each partition is assigned to only one consumer instance within the group at a time, and the assignment is done in a way that distributes the partitions evenly among the available consumer instances.

Here's how Kafka achieves balanced message processing:

1. When a consumer group is created or a new consumer instance joins the group, Kafka initiates a rebalance operation.
2. During the rebalance, Kafka assigns the partitions of the subscribed topics to the consumer instances in the group.
3. The assignment is done using a round-robin approach, where each consumer instance is assigned a subset of the partitions.
4. If there are more partitions than consumer instances, some consumer instances may be assigned multiple partitions.
5. If there are more consumer instances than partitions, some consumer instances may not be assigned any partitions and will remain idle.
6. As messages are produced to the partitions, each consumer instance processes the messages from its assigned partitions independently.
7. If a consumer instance fails or leaves the group, Kafka triggers a rebalance to redistribute the partitions among the remaining consumer instances.

- B. assigning partitions to consumer instances in a round-robin manner, Kafka ensures that the workload is evenly distributed among the consumer instances. Each consumer instance is responsible for processing messages from its assigned partitions, allowing for parallel processing and improved throughput.

It's important to note that the actual partition assignment strategy can be customized by implementing a custom `PartitionAssignor` if needed. However, the default round-robin assignment strategy is sufficient for most use cases and provides a balanced distribution of work among the consumer instances.",
68,consumer-questions2-q19,Consumer,Questions2,19,No,What is the primary benefit of Kafka's zero-copy optimization when sending data from producers to consumers?,It reduces the memory overhead by avoiding data duplication in memory.,It minimizes the latency by eliminating the need for data serialization and deserialization.,It improves the security by encrypting the data during transmission.,It increases the parallelism by leveraging multiple CPU cores for data transfer.,,,A,"**Answer:** A

**Explanation:**
Kafka's zero-copy optimization is a key feature that improves performance by avoiding unnecessary data duplication in memory when sending data from producers to consumers. Zero-copy allows Kafka to transfer data directly from the file system cache to the network buffer without copying it into the application's memory space.

Here's how zero-copy optimization benefits Kafka:

1. Reduced memory overhead:
   - In a traditional data transfer process, data is typically copied from the file system to the application's memory buffer, and then from the application's memory buffer to the network buffer.
   - With zero-copy, Kafka eliminates the need for this intermediate data copy in the application's memory space.
   - By avoiding data duplication in memory, Kafka reduces the memory overhead and improves memory utilization.

2. Improved performance:
   - Copying data between memory buffers adds latency and consumes CPU cycles.
   - By leveraging zero-copy, Kafka minimizes the time spent on data copying operations.
   - This results in faster data transfer and improved overall performance of the Kafka cluster.

3. Efficient resource utilization:
   - Zero-copy allows Kafka to make efficient use of system resources, such as memory and CPU.
   - By avoiding unnecessary data copying, Kafka can handle higher throughput and support more clients with the same hardware resources.

While zero-copy does provide some latency benefits by reducing the time spent on data copying, it does not eliminate the need for data serialization and deserialization (option B). Serialization and deserialization are still required to convert data between the application's format and the network format.

Zero-copy is not primarily focused on security (option C) or parallelism (option D). Its main goal is to optimize data transfer efficiency and reduce memory overhead.",
69,consumer-questions2-q20,Consumer,Questions2,20,No,What is the purpose of the `isolation.level` setting in the Kafka consumer configuration?,To specify the maximum number of records to fetch in a single request,To control the visibility of transactional messages,To determine the behavior of the consumer when it encounters an invalid offset,To set the maximum amount of time the consumer will wait for new messages,,,B,"**Answer:** B
**Explanation:**
The `isolation.level` setting in the Kafka consumer configuration is used to control the visibility of transactional messages. It determines how the consumer behaves when reading messages that are part of a transaction. There are two possible values for `isolation.level`:

1. `read_uncommitted` (default): With this isolation level, the consumer will read all messages, including transactional messages that are not yet committed. It may read messages from aborted transactions.

2. `read_committed`: With this isolation level, the consumer will only read messages that are not part of ongoing transactions and messages that are part of committed transactions. It will wait for transactions to be committed before making the messages visible to the consumer.

The `isolation.level` setting allows you to control the consistency and visibility of transactional messages consumed by the consumer.",
70,consumer-questions3-q21,Consumer,Questions3,21,No,What is the default value of the `isolation.level` setting in the Kafka consumer configuration?,`read_uncommitted`,`read_committed`,`transactional`,`none`,,,A,"**Answer:** A

**Explanation:**
The default value of the `isolation.level` setting in the Kafka consumer configuration is `read_uncommitted`. This means that by default, the consumer will read all messages, including transactional messages that are not yet committed. It may consume messages from transactions that are later aborted. If you want the consumer to only read committed messages and wait for transactions to be committed before making the messages visible, you need to explicitly set the `isolation.level` to `read_committed`. The `transactional` and `none` options are not valid values for the `isolation.level` setting.",
71,consumer-questions3-q22,Consumer,Questions3,22,No,What happens when a consumer with `isolation.level=read_committed` encounters a message that is part of an ongoing transaction?,The consumer will read the message immediately,The consumer will wait until the transaction is committed before reading the message,The consumer will skip the message and move on to the next one,The consumer will throw an exception and stop consuming,,,B,"**Answer:** B

**Explanation:**
When a consumer with `isolation.level=read_committed` encounters a message that is part of an ongoing transaction, the consumer will wait until the transaction is committed before reading the message. The `read_committed` isolation level ensures that the consumer only reads messages that are not part of ongoing transactions and messages that are part of committed transactions. If a message belongs to a transaction that is still in progress, the consumer will wait until the transaction is committed before making the message visible to the consumer. This behavior guarantees that the consumer only sees messages that are part of successful transactions and prevents the consumer from consuming messages that may later be rolled back if the transaction is aborted.",
72,consumer-questions3-q23,Consumer,Questions3,23,No,What is the purpose of the `max.poll.records` setting in the Kafka consumer configuration?,To specify the maximum number of records to return in a single poll,To control the maximum amount of data the consumer can receive per second,To set the maximum number of partitions the consumer can subscribe to,To determine the maximum number of consumers allowed in a consumer group,,,A,"**Answer:** A

**Explanation:**
The `max.poll.records` setting in the Kafka consumer configuration is used to specify the maximum number of records to return in a single poll. When the consumer calls the `poll()` method to fetch records from Kafka, it will retrieve at most `max.poll.records` records. This setting allows you to control the maximum number of records that the consumer will process in each iteration. By default, `max.poll.records` is set to 500. Adjusting this value can help balance the trade-off between latency and throughput. Setting a higher value can increase throughput by allowing the consumer to process more records in each poll, but it may also increase latency if the processing of each batch takes longer.",
73,consumer-questions3-q24,Consumer,Questions3,24,No,How does the `max.poll.interval.ms` setting affect the behavior of a Kafka consumer?,It specifies the maximum amount of time the consumer can wait before polling for new records,It sets the maximum interval between two consecutive polls before the consumer is considered dead,It determines the maximum time allowed for message processing before committing offsets,It controls the maximum number of records the consumer can poll in a single request,,,B,"**Answer:** B


**Explanation:**
The `max.poll.interval.ms` setting in the Kafka consumer configuration specifies the maximum interval between two consecutive polls before the consumer is considered dead. If the consumer does not call the `poll()` method within this interval, the consumer will be marked as failed and removed from the consumer group. This setting is used to detect and handle consumer failures. By default, `max.poll.interval.ms` is set to 5 minutes (300000 milliseconds). If a consumer takes longer than this interval to process a batch of records, it needs to call `poll()` again within the specified interval to avoid being considered dead. Setting an appropriate value for `max.poll.interval.ms` ensures that consumers are actively participating in the consumer group and helps detect and recover from consumer failures.",
74,consumer-questions3-q25,Consumer,Questions3,25,No,What happens when a Kafka consumer is marked as dead due to exceeding the `max.poll.interval.ms` interval?,"The consumer is automatically rebalanced, and its partitions are reassigned to other consumers in the group",The consumer receives an exception and must manually rejoin the consumer group,"The consumer's offset commits are rolled back, and it starts consuming from the beginning of the assigned partitions",The consumer is permanently removed from the consumer group and cannot rejoin,,,A,"**Answer:** A

**Explanation:**
When a Kafka consumer is marked as dead due to exceeding the `max.poll.interval.ms` interval, the consumer is automatically rebalanced, and its partitions are reassigned to other consumers in the consumer group. The Kafka consumer group coordinator detects that the consumer has failed to poll within the specified interval and triggers a rebalance operation. During the rebalance, the partitions assigned to the dead consumer are revoked and redistributed among the remaining active consumers in the group. This ensures that the workload is evenly distributed and that the consumer group continues to make progress. The dead consumer is removed from the group, and it needs to rejoin the group and receive new partition assignments to start consuming again.",
75,consumer-questions3-q26,Consumer,Questions3,26,No,What triggers a partition rebalance in a Kafka consumer group?,Adding a new topic to the Kafka cluster,Changing the replication factor of a topic,Adding a new consumer to the consumer group,Modifying the consumer group ID,,,C,"**Answer:** C

**Explanation:**
A partition rebalance in a Kafka consumer group is triggered when there is a change in the group membership. Specifically, adding a new consumer to the consumer group will trigger a rebalance. During a rebalance, Kafka reassigns the partitions to the consumers in the group to ensure an even distribution of work. This allows the new consumer to start consuming messages from the assigned partitions. Other events, such as removing a consumer from the group or a consumer voluntarily leaving the group, will also trigger a rebalance. However, adding a new topic to the cluster, changing the replication factor of a topic, or modifying the consumer group ID do not directly trigger a rebalance.",
76,consumer-questions3-q27,Consumer,Questions3,27,No,What happens to the partition assignments during a consumer group rebalance?,Partitions are evenly distributed among the remaining consumers,Partitions are assigned to the consumers based on the consumer group ID,Partitions are randomly assigned to the consumers,Partitions are assigned to the consumers based on the topic name,,,A,"**Answer:** A

**Explanation:**
During a consumer group rebalance, Kafka reassigns the partitions to the consumers in the group to ensure an even distribution of work. The partitions are evenly distributed among the remaining active consumers in the group. Kafka uses a partition assignment strategy, such as the range or round-robin strategy, to determine which consumer gets assigned which partitions. The assignment strategy aims to balance the workload and ensure that each consumer receives a fair share of the partitions. The partition assignments are not based on factors like the consumer group ID or the topic name, but rather on the number of active consumers and the available partitions.",
77,consumer-questions4-q31,Consumer,Questions4,31,No,How can you minimize the impact of consumer group rebalances in a Kafka application?,Increase the session timeout value for consumers,Reduce the number of partitions for the consumed topics,Implement a custom partition assignment strategy,Use static group membership for consumers,,,D,"**Answer:** D

**Explanation:**
To minimize the impact of consumer group rebalances in a Kafka application, you can use static group membership for consumers. Static group membership allows you to assign a unique identifier to each consumer in the group using the `group.instance.id` configuration. By providing a stable identifier, consumers can maintain their partition assignments across restarts and rebalances. When a consumer with a static group membership rejoins the group after a restart, it will be assigned the same partitions it had before, reducing the need for a full rebalance. This helps in preserving consumer state and avoiding unnecessary partition migrations. Increasing the session timeout value or reducing the number of partitions may help in certain scenarios but does not directly minimize the impact of rebalances. Implementing a custom partition assignment strategy can provide more control over the assignment process but requires additional development effort.",
78,consumer-questions4-q32,Consumer,Questions4,32,No,"When a Kafka consumer wants to read data from a specific partition, what information does it need to provide to the Kafka broker?",The topic name and the consumer group ID,The topic name and the offset to start reading from,"The topic name, partition number, and offset to start reading from","The topic name, partition number, and consumer group ID",,,C,"**Answer:** C

**Explanation:**
When a Kafka consumer wants to read data from a specific partition, it needs to provide the following information to the Kafka broker:
- The topic name: The consumer must specify the name of the topic from which it wants to read data.
- The partition number: The consumer must specify the specific partition number within the topic from which it wants to read data.
- The offset to start reading from: The consumer can optionally specify the offset from which it wants to start reading data within the partition. If no offset is provided, the consumer will start reading from the latest offset or the earliest offset, depending on the `auto.offset.reset` configuration.

The consumer group ID is not required when reading from a specific partition, as partition assignment is handled automatically by the Kafka consumer group coordination protocol. The consumer can choose to read from any partition it wants, regardless of its consumer group.",
79,consumer-questions4-q33,Consumer,Questions4,33,No,How does a Kafka consumer determine which broker to connect to when reading data from a specific partition?,The consumer connects to any available broker and requests the leader for the specific partition,The consumer connects to the Zookeeper ensemble to determine the leader for the specific partition,The consumer uses a round-robin algorithm to select a broker to connect to,The consumer connects to all brokers in the cluster simultaneously,,,A,"**Answer:** A


**Explanation:**
When a Kafka consumer wants to read data from a specific partition, it needs to connect to the broker that is currently acting as the leader for that partition. To determine which broker is the leader, the consumer follows these steps:
1. The consumer connects to any available broker in the Kafka cluster.
2. The consumer sends a metadata request to the connected broker, specifying the topic and partition it wants to read from.
3. The broker responds with the metadata information, including the current leader broker for the specific partition.
4. The consumer disconnects from the initial broker and establishes a new connection to the leader broker for the partition.
5. The consumer starts reading data from the leader broker for the specific partition.

The consumer does not need to connect to the Zookeeper ensemble directly to determine the leader broker. The Kafka brokers themselves maintain the leadership information and can provide it to the consumers upon request. The consumer also does not use a round-robin algorithm or connect to all brokers simultaneously, as it only needs to connect to the leader broker for the specific partition.",
80,consumer-questions4-q34,Consumer,Questions4,34,No,What happens if a Kafka consumer requests to read from a partition that does not exist in the specified topic?,The Kafka broker will automatically create the partition and start serving data,"The consumer will receive an empty response, indicating that the partition does not exist","The consumer will receive an error message, indicating that the requested partition does not exist","The consumer will be assigned a different, existing partition to read from",,,C,"**Answer:** C

**Explanation:**
If a Kafka consumer requests to read from a partition that does not exist in the specified topic, the Kafka broker will respond with an error message, indicating that the requested partition does not exist. The broker will not automatically create the non-existent partition or assign the consumer to a different, existing partition.

When the consumer sends a fetch request to the broker for a non-existent partition, the broker will respond with an error code, such as `UNKNOWN_TOPIC_OR_PARTITION` or `INVALID_TOPIC_EXCEPTION`, depending on the specific error condition. The consumer is then responsible for handling this error gracefully, such as logging an error message, retrying with a valid partition, or taking appropriate action based on the application's requirements.

It's important for the consumer application to ensure that it requests data from valid partitions that exist within the specified topic to avoid such errors. If the consumer needs to dynamically discover the available partitions for a topic, it can use the Kafka consumer API's `partitionsFor()` method to retrieve the partition metadata before starting to consume data.",
81,consumer-questions4-q35,Consumer,Questions4,35,No,"When a Kafka consumer commits offsets, what information is included in the commit request?",The consumer group ID and the last processed offset for each partition,The consumer group ID and the next offset to be processed for each partition,The consumer ID and the last processed offset for each partition,The consumer ID and the next offset to be processed for each partition,,,A,"**Answer:** A

**Explanation:**
When a Kafka consumer commits offsets, it sends a commit request to the Kafka broker. The commit request includes the following information:
- The consumer group ID: The consumer group to which the consumer belongs. Offsets are committed at the consumer group level.
- The last processed offset for each partition: The consumer specifies the offset of the last message it has successfully processed for each partition it is consuming from. This offset represents the position up to which the consumer has consumed and processed messages.

The commit request does not include the consumer ID, as offsets are not committed at the individual consumer level, but rather at the consumer group level. All consumers within the same consumer group collaborate and share the responsibility of consuming and committing offsets.

The commit request also does not include the next offset to be processed. The committed offset represents the last processed offset, not the next offset to be consumed. By committing the last processed offset, the consumer acknowledges that it has successfully processed all messages up to that offset and is ready to move forward.",
82,consumer-questions4-q36,Consumer,Questions4,36,No,What happens if a Kafka consumer commits an offset for a partition and then crashes before processing the next message?,The consumer will resume processing from the last committed offset when it restarts,The consumer will resume processing from the next message after the last committed offset when it restarts,The consumer will start processing from the beginning of the partition when it restarts,The consumer will be assigned a different partition to process when it restarts,,,A,"**Answer:** A

**Explanation:**
If a Kafka consumer commits an offset for a partition and then crashes before processing the next message, the following will happen when the consumer restarts:

The consumer will resume processing from the last committed offset when it restarts. When the consumer starts up again, it will check the last committed offset for each partition it was consuming from. It will then begin processing messages starting from the next offset after the last committed offset.

This behavior ensures that the consumer does not miss any messages and avoids duplicate processing. By committing offsets, the consumer acknowledges that it has successfully processed messages up to a certain point. When it restarts, it picks up from where it left off based on the last committed offset.

The consumer will not start processing from the next message after the last committed offset, as that would result in skipping the message immediately following the last committed offset. It also will not start processing from the beginning of the partition, as that would lead to duplicate processing of already consumed messages.

The consumer will not be assigned a different partition to process when it restarts. Partition assignment is handled by the consumer group protocol and remains stable across consumer restarts, unless there are changes in the consumer group membership or partition allocation.",
83,consumer-questions4-q37,Consumer,Questions4,37,No,What is the purpose of the `enable.auto.commit` configuration property in Kafka consumers?,To automatically commit offsets at a fixed interval,To automatically commit offsets after each message is processed,To enable or disable automatic offset commits,To specify the maximum number of offsets to commit in a single request,,,C,"**Answer:** C

**Explanation:**
The `enable.auto.commit` configuration property in Kafka consumers is used to enable or disable automatic offset commits. When set to `true` (which is the default value), the consumer will automatically commit offsets at a regular interval specified by the `auto.commit.interval.ms` configuration property.

When automatic offset commits are enabled, the consumer periodically commits the offsets of the messages it has processed without the need for explicit offset management by the application. This helps in ensuring that the consumer's progress is persisted and allows for easier recovery in case of failures.

However, if `enable.auto.commit` is set to `false`, the consumer will not automatically commit offsets, and the application will be responsible for manually committing offsets using the `commitSync()` or `commitAsync()` methods provided by the Kafka consumer API. This gives the application more control over when and how offsets are committed, allowing for custom offset management strategies.

The `enable.auto.commit` configuration property does not control the interval at which offsets are committed (option A) or the number of offsets to commit in a single request (option D). It also does not automatically commit offsets after each message is processed (option B), as that would be inefficient and impact performance.",
84,consumer-questions4-q38,Consumer,Questions4,38,No,"In a topic with a replication factor of 3 and `min.insync.replicas` set to 2, what happens when a consumer sends a read request to a partition with only one in-sync replica?",The consumer receives the requested data from the in-sync replica,The consumer request fails with a `NotEnoughReplicasException`,The consumer receives an empty response,The consumer request remains pending until another replica becomes in-sync,,,A,"**Answer:** A

**Explanation:**
When a topic has a replication factor of 3 and `min.insync.replicas` is set to 2, it means that at least 2 replicas (including the leader) must be in-sync for the partition to be considered available for reads and writes.

In the scenario where a consumer sends a read request to a partition that has only one in-sync replica, the consumer will still receive the requested data from that in-sync replica. The `min.insync.replicas` setting does not directly affect read operations; it primarily impacts write availability.

- A. long as there is at least one in-sync replica available, consumer read requests can be served successfully. The consumer does not need to wait for additional replicas to become in-sync or for the `min.insync.replicas` requirement to be met.

The consumer request will not fail with a `NotEnoughReplicasException`, receive an empty response, or remain pending. The in-sync replica will provide the requested data to the consumer.",
85,ksql-questions1-q1,KSQL,Questions1,1,Yes,Which of the following KSQL statements will cause writes to a Kafka topic? (Select two),`CREATE STREAM FROM_TOPIC AS SELECT * FROM source_topic;`,`CREATE TABLE FROM_TOPIC AS SELECT * FROM source_topic;`,`SELECT * FROM source_topic EMIT CHANGES;`,`DESCRIBE source_topic;`,`SHOW QUERIES;`,,"A, B","**Answer:** A, B

**Explanation:**
In KSQL, `CREATE STREAM AS SELECT` and `CREATE TABLE AS SELECT` statements create new streams or tables based on a query from an existing source. These queries are persistent and continuously write output to a Kafka topic.

- C: `SELECT` statements with `EMIT CHANGES` are transient queries that output to the KSQL console, not to a Kafka topic.
- D, E: `DESCRIBE` and `SHOW QUERIES` are metadata commands that don't write to Kafka topics.",
86,ksql-questions1-q2,KSQL,Questions1,2,No,What happens when you run a `CREATE STREAM` statement without an `AS SELECT` clause in KSQL?,It creates a new stream and writes metadata to the KSQL command topic.,It creates a new stream and starts writing data to it from the KSQL application.,It fails because `CREATE STREAM` must always include an `AS SELECT` clause.,It creates a new empty stream but doesn't write anything to Kafka.,,,A,"**Answer:** A

**Explanation:**
When you run a `CREATE STREAM` statement without an `AS SELECT` clause in KSQL, it registers a new stream on an existing Kafka topic. This metadata is written to the KSQL command topic, but no data is written to the Kafka topic itself.

- B is incorrect because no data is automatically written to the stream from the KSQL application.
- C is incorrect because `AS SELECT` is optional for `CREATE STREAM`. It's required only if you want to create a new stream based on a query from an existing source.
- D is incorrect because while no data is written to Kafka, the metadata is still written to the KSQL command topic.",
87,ksql-questions1-q3,KSQL,Questions1,3,No,What is the purpose of the `PARTITIONS` clause in a KSQL `CREATE TABLE` statement?,To specify the number of partitions for the output Kafka topic,To specify the partitioning key for the output Kafka topic,To specify the number of partitions to read from the input Kafka topic,To specify the partitioning key to read from the input Kafka topic,,,A,"**Answer:** A

**Explanation:**
In a KSQL `CREATE TABLE` statement, the `PARTITIONS` clause is used to specify the number of partitions for the output Kafka topic that will store the table's data.

- B is incorrect because the partitioning key is specified using the `KEY` clause, not `PARTITIONS`.",
88,ksql-questions1-q4,KSQL,Questions1,4,No,Which query type is not supported by KSQL?,Stream-to-Stream JOINs,Table-to-Table JOINs,Stream-to-Table JOINs,Complex Nested Queries,,,D,"**Answer:** D
**Explanation:**
KSQL supports Stream-to-Stream JOINs, Table-to-Table JOINs, and Stream-to-Table JOINs. However, KSQL does not natively support Complex Nested Queries that require multiple layers of subqueries or highly intricate query structures.

- A, B, and C are incorrect as these are supported query types in KSQL.",
89,ksql-questions1-q5,KSQL,Questions1,5,No,What is a KSQL table?,A mutable collection of key-value pairs,"An immutable, append-only collection of records","A stateful, changelog-based table",A temporary view of streaming data,,,C,"**Answer:** C

**Explanation:**
A KSQL table is a stateful, changelog-based table that stores the latest value for each key. It represents a snapshot of the current state based on the changelog of updates.

- A, B, and D are incorrect because they describe different data structures or views in KSQL.",
90,ksql-questions1-q6,KSQL,Questions1,6,No,Which KSQL function is used to convert a string to uppercase?,UPPER(),TO_UPPER(),STRING_UPPER(),CONVERT_UPPER(),,,A,"**Answer:** A

**Explanation:**
The `UPPER()` function in KSQL is used to convert a string to uppercase.

- B, C, and D are incorrect because they are not valid KSQL functions for converting a string to uppercase.",
91,ksql-questions1-q7,KSQL,Questions1,7,No,What does the `WINDOW` clause in a KSQL query specify?,The time frame for aggregations,The filter condition for the query,The key for partitioning the data,The join condition between streams,,,A,"**Answer:** A

**Explanation:**
The `WINDOW` clause in a KSQL query specifies the time frame for aggregations, allowing you to define windows for time-based aggregations such as tumbling, hopping, and session windows.

- B, C, and D are incorrect because they do not define the time frame for aggregations.",
92,ksql-questions1-q8,KSQL,Questions1,8,No,Which data format is not supported by KSQL for serialization and deserialization?,JSON,Protobuf,Avro,Thrift,,,D,"**Answer:** D

**Explanation:**
KSQL supports JSON, Protobuf, and Avro formats for serialization and deserialization. Thrift is not supported by KSQL.

- A, B, and C are incorrect because these formats are supported by KSQL.",
93,ksql-questions1-q9,KSQL,Questions1,9,No,How can you create a stream in KSQL from an existing Kafka topic?,CREATE STREAM stream_name FROM topic_name;,"CREATE STREAM stream_name (columns) WITH (kafka_topic='topic_name', value_format='format');","CREATE STREAM stream_name WITH (kafka_topic='topic_name', value_format='format');",CREATE STREAM stream_name AS SELECT * FROM topic_name;,,,B,"**Answer:** B

**Explanation:**
The correct syntax to create a stream in KSQL from an existing Kafka topic is `CREATE STREAM stream_name (columns) WITH (kafka_topic='topic_name', value_format='format');`.

- A is incorrect because it misses the format and column definitions. D is incorrect because it uses a different syntax for creating streams from other streams or tables.",
94,ksql-questions1-q10,KSQL,Questions1,10,No,What is the purpose of the `PARTITION BY` clause in KSQL?,To split the stream into multiple topics,To repartition the data based on a specified column,To create a new table from a stream,To define the output format of the query,,,B,"**Answer:** B

**Explanation:**
The `PARTITION BY` clause in KSQL is used to repartition the data based on a specified column. This is useful for changing the partitioning key of a stream.

- A, C, and D are incorrect because they describe different functionalities in KSQL.",
95,ksql-questions2-q11,KSQL,Questions2,11,No,Which KSQL function is used to concatenate two strings?,CONCAT(),JOIN(),MERGE(),APPEND(),,,A,"**Answer:** A

**Explanation:**
The `CONCAT()` function in KSQL is used to concatenate two strings.

- B, C, and D are incorrect because they are not valid KSQL functions for concatenating strings.",
96,ksql-questions2-q12,KSQL,Questions2,12,No,What is the role of the `KEY` keyword in KSQL table creation?,To define the primary key of the table,To specify the partitioning key of the table,To assign a unique identifier to each record,To create an index on the table,,,A,"**Answer:** A

**Explanation:**
The `KEY` keyword in KSQL table creation is used to specify the primary key of the table, which is also used for partitioning.

- B, C, and D are incorrect because they do not accurately describe the role of the `KEY` keyword in KSQL.",
97,ksql-questions2-q13,KSQL,Questions2,13,No,Which statement is true about KSQL streams?,They store historical data indefinitely,They are append-only collections of immutable records,They can be directly queried for the current state,They do not support windowed aggregations,,,B,"**Answer:** B

**Explanation:**
KSQL streams are append-only collections of immutable records that represent the continuous flow of data.

- A, C, and D are incorrect because streams do not store data indefinitely, they represent immutable records, and they do support windowed aggregations.",
98,ksql-questions2-q14,KSQL,Questions2,14,No,Which KSQL command is used to terminate a running query?,DROP QUERY,STOP QUERY,TERMINATE,DELETE QUERY,,,C,"**Answer:** C

**Explanation:**
The `TERMINATE` command is used to stop a running query in KSQL.

- A, B, and D are incorrect because they are not valid commands for terminating a query in KSQL.",
99,ksql-questions2-q15,KSQL,Questions2,15,No,What is the result of executing the following KSQL query: `SELECT * FROM my_stream EMIT CHANGES;`?,It creates a new table from the stream,It continuously outputs the current state of the stream,It returns a snapshot of the stream at a point in time,It filters records based on a condition,,,B,"**Answer:** B

**Explanation:**
The `SELECT * FROM my_stream EMIT CHANGES;` query continuously outputs the current state of the stream, providing a real-time view of the data as it arrives.

- A, C, and D are incorrect because they do not describe the behavior of the `EMIT CHANGES` clause.",
100,ksql-questions2-q16,KSQL,Questions2,16,No,Which clause in KSQL is used to define the duration of a hopping window?,SIZE,DURATION,HOP,WINDOW,,,A,"**Answer:** A

**Explanation:**
The `SIZE` clause is used to define the duration of a hopping window in KSQL.

- B, C, and D are incorrect because they are not valid clauses for defining the duration of a hopping window in KSQL.",
101,ksql-questions2-q17,KSQL,Questions2,17,Yes,How can you perform an inner join between two streams in KSQL?,`CREATE STREAM new_stream AS SELECT * FROM stream1 INNER JOIN stream2 WITHIN 5 MINUTES ON stream1.key = stream2.key;`,`CREATE STREAM new_stream AS SELECT * FROM stream1 JOIN stream2 ON stream1.key = stream2.key;`,`CREATE STREAM new_stream AS SELECT * FROM stream1 LEFT JOIN stream2 WITHIN 5 MINUTES ON stream1.key = stream2.key;`,`CREATE STREAM new_stream AS SELECT * FROM stream1 CROSS JOIN stream2 ON stream1.key = stream2.key;` ---,,,"A, E","**Answer:**

**A.** `CREATE STREAM new_stream AS SELECT * FROM stream1 INNER JOIN stream2 WITHIN 5 MINUTES ON stream1.key = stream2.key;`

**Explanation:**

The correct syntax to perform an inner join between two streams in KSQL is:

**Option A:**

```sql
CREATE STREAM new_stream AS
SELECT *
FROM stream1
INNER JOIN stream2
WITHIN 5 MINUTES
ON stream1.key = stream2.key;
```

- **`INNER JOIN`**: Specifies that an inner join is to be performed between `stream1` and `stream2`.
- **`WITHIN 5 MINUTES`**: Defines a time window of 5 minutes for the join. This is mandatory for stream-to-stream joins in KSQL to handle the temporal nature of streaming data.
- **`ON stream1.key = stream2.key`**: The join condition based on matching keys.

**Option B** is incorrect because it lacks the `WITHIN` clause, which is required when performing stream-to-stream joins in KSQL. Without the `WITHIN` clause, the join operation cannot properly align the streaming data over time.

**Option C** is incorrect because it uses a `LEFT JOIN`, which performs a **left outer join**, not an inner join. This means it would include all records from `stream1` and the matching records from `stream2`, which is not the same as an inner join.

**Option D** is incorrect because `CROSS JOIN` is not supported between streams in KSQL. Additionally, even if it were, a cross join produces the Cartesian product of the two streams, which is not an inner join.",
102,ksql-questions2-q18,KSQL,Questions2,18,No,What does the `GROUP BY` clause do in a KSQL query?,It filters records based on a condition,It partitions the data by a specified key,It aggregates data based on specified columns,It orders the data by a specified column,,,C,"**Answer:** C

**Explanation:**
The `GROUP BY` clause in a KSQL query aggregates data based on specified columns, allowing for calculations like COUNT, SUM, AVG, etc., over grouped records.

- A, B, and D are incorrect because they describe different functionalities in KSQL.",
103,ksql-questions2-q19,KSQL,Questions2,19,No,Which keyword is used to create a persistent query in KSQL?,PERSIST,CREATE STREAM AS,CREATE PERSISTENT QUERY,SAVE,,,B,"**Answer:** B

**Explanation:**
The `CREATE STREAM AS` keyword is used to create a persistent query in KSQL. This query continuously processes the data and stores the results in a new stream.

- A, C, and D are incorrect because they are not valid keywords for creating a persistent query in KSQL.",
104,ksql-questions2-q20,KSQL,Questions2,20,No,Which function is used to calculate the number of records in a KSQL stream?,COUNT(),SUM(),AVG(),MAX(),,,A,"**Answer:** A

**Explanation:**
The `COUNT()` function is used to calculate the number of records in a KSQL stream.

- B, C, and D are incorrect because they perform different types of calculations.",
105,ksql-questions3-q21,KSQL,Questions3,21,No,How can you convert a stream into a table in KSQL?,CREATE TABLE table_name AS SELECT * FROM stream_name;,INSERT INTO table_name SELECT * FROM stream_name;,CREATE TABLE table_name FROM stream_name;,CONVERT STREAM stream_name TO TABLE table_name;,,,A,"**Answer:** A

**Explanation:**
The correct syntax to convert a stream into a table in KSQL is `CREATE TABLE table_name AS SELECT * FROM stream_name;`.

- B, C, and D are incorrect because they are not valid syntaxes for this operation in KSQL.",
106,ksql-questions3-q22,KSQL,Questions3,22,No,What is the purpose of the `AVRO` format in KSQL?,To provide a human-readable format for data,To enable complex data types and schema evolution,To ensure data is stored as plain text,To simplify data parsing,,,B,"**Answer:** B

**Explanation:**
The `AVRO` format in KSQL is used to enable complex data types and schema evolution. It is a binary serialization format that supports rich data structures and efficient data encoding.

- A, C, and D are incorrect because they do not accurately describe the purpose and capabilities of the AVRO format.",
107,ksql-questions3-q23,KSQL,Questions3,23,No,Which KSQL function is used to extract the year from a timestamp?,EXTRACTYEAR(),GETYEAR(),YEAR(),EXTRACT(YEAR FROM timestamp),,,D,"**Answer:** D

**Explanation:**
The `EXTRACT(YEAR FROM timestamp)` function in KSQL is used to extract the year from a timestamp.

- A, B, and C are incorrect because they are not valid KSQL functions for this operation.",
108,ksql-questions3-q24,KSQL,Questions3,24,No,How do you handle null values in KSQL?,Use the `IS NULL` and `IS NOT NULL` predicates,Use the `NULLIFY()` function,Replace null values with default values using `COALESCE()`,Both A and C,,,D,"**Answer:** D

**Explanation:**
In KSQL, you can handle null values using the `IS NULL` and `IS NOT NULL` predicates to filter records, and the `COALESCE()` function to replace null values with default values.

- B is incorrect because `NULLIFY()` is not a valid KSQL function. Combining A and C provides comprehensive handling of null values.",
109,ksql-questions3-q25,KSQL,Questions3,25,No,Which KSQL function calculates the total sum of a column's values?,SUM(),TOTAL(),ADD(),AGGREGATE(),,,A,"**Answer:** A

**Explanation:**
The `SUM()` function in KSQL calculates the total sum of a column's values.

- B, C, and D are incorrect because they are not valid KSQL functions for this operation.",
110,ksql-questions3-q26,KSQL,Questions3,26,Yes,What is the default retention period for KSQL streams?,7 days,1 day,1 week,2 days,,,"A, 7","**Answer:** A. 7 days

### Explanation:

In KSQL, streams are abstractions over Kafka topics. By default, the retention period for Kafka topics—and therefore KSQL streams—is **7 days**. This means that the data in a KSQL stream is retained for 7 days before it is eligible for deletion, unless you configure a different retention period when creating the stream or alter the topic settings.

**Key Points:**

- **Default Retention Period**: 7 days.
- **Inheritance from Kafka**: KSQL streams inherit the retention settings from the underlying Kafka topics.
- **Configuration**: You can adjust the retention period by setting the `RETENTION` property when creating a stream or by modifying the topic configuration directly.

**Example of Setting Retention Period:**

```sql
CREATE STREAM my_stream (
  ...
) WITH (
  kafka_topic='my_topic',
  value_format='JSON',
  retention='168 HOURS'  -- Retention period of 7 days
);
```

**Other Options Explained:**

- **B. 1 day**: Not the default retention period but can be set manually.
- **C. 1 week**: Equivalent to 7 days, but the default is specified in days.
- **D. 2 days**: Not the default retention period but can be configured if needed.",
111,ksql-questions3-q27,KSQL,Questions3,27,No,How can you filter records in a KSQL stream?,By using the `FILTER` clause,By using the `WHERE` clause,By using the `HAVING` clause,By using the `LIMIT` clause,,,B,"**Answer:** B

**Explanation:**
Records in a KSQL stream can be filtered using the `WHERE` clause, which allows you to specify conditions that records must meet to be included in the query results.

- A, C, and D are incorrect because they are not valid clauses for filtering records in a KSQL stream.",
112,ksql-questions3-q28,KSQL,Questions3,28,No,Which KSQL function can be used to format timestamps?,FORMAT_TIMESTAMP(),TO_TIMESTAMP(),DATE_FORMAT(),TIMESTAMP_FORMAT(),,,C,"**Answer:** C

**Explanation:**
The `DATE_FORMAT()` function in KSQL can be used to format timestamps. It allows you to specify a pattern for formatting the date and time.

- A, B, and D are incorrect because they are not valid KSQL functions for formatting timestamps.",
113,kafka-connect-questions1-q1,Kafka-Connect,Questions1,1,No,"For a system designed to read data from an external database, perform some transformations, and then store the results in a Kafka topic, which approach is most suitable?",Consumer + Producer,Kafka Connect Source,Kafka Connect Sink,Kafka Streams,,,2,"The correct answer is **2. Kafka Connect Source.**

**Explanation:**
Kafka Connect Source is designed for importing data from external systems into Kafka topics. It can easily read from an external database, and with the appropriate connectors and transformations configured, it can modify the data as required before making it available in a Kafka topic.",
114,kafka-connect-questions1-q2,Kafka-Connect,Questions1,2,No,"When needing to aggregate real-time data from a Kafka topic, compute running totals, and then publish those totals back to another Kafka topic for further analysis, which tool should you use?",Consumer + Producer,Kafka Connect Source,Kafka Connect Sink,Kafka Streams,,,4,"The correct answer is **4. Kafka Streams.**

**Explanation:**
Kafka Streams is specifically designed for building real-time streaming data pipelines and applications that transform or react to the streams of data. For tasks like aggregating data and computing running totals, Kafka Streams provides the necessary stateful operations and can directly publish the results back to another Kafka topic.",
115,kafka-connect-questions1-q3,Kafka-Connect,Questions1,3,No,"If the objective is to periodically export data from a Kafka topic to a relational database for long-term storage and analysis, which Kafka component would best fulfill this requirement?",Consumer + Producer,Kafka Connect Source,Kafka Connect Sink,Kafka Streams,,,3,"The correct answer is **3. Kafka Connect Sink.**

**Explanation:**
Kafka Connect Sink is designed to export data from Kafka topics into external systems such as databases, key-value stores, search indexes, and file systems. For scenarios where the goal is to move data from Kafka to a relational database, a Kafka Connect Sink connector can be configured to handle this task efficiently and with minimal coding effort.",
116,kafka-connect-questions1-q4,Kafka-Connect,Questions1,4,No,"A financial institution wants to analyze transaction data in real-time to detect fraudulent activities. The transaction data, which includes sensitive information, is initially stored in a mainframe system. Which approach ensures secure, real-time analysis of this data by a Kafka Streams application while complying with data privacy regulations?",Utilize a mainframe connector with Kafka Connect to ingest the transaction data into a Kafka topic. Apply a Kafka Streams application to anonymize sensitive information in the stream before conducting fraud analysis.,"Directly connect the mainframe system to the Kafka Streams application using a custom API, ensuring sensitive data is filtered out during the streaming process.","Employ ksqlDB to directly query the mainframe system, apply data anonymization functions to filter out sensitive information, and then write the sanitized data to a Kafka topic for stream processing.","Implement a batch process to extract transaction data periodically from the mainframe, cleanse the data of sensitive information, and then load the sanitized data into Kafka topics for streaming analysis.",,,1,The correct answer is **1. Utilize a mainframe connector with Kafka Connect to ingest the transaction data into a Kafka topic. Apply a Kafka Streams application to anonymize sensitive information in the stream before conducting fraud analysis.**,
117,kafka-connect-questions1-q5,Kafka-Connect,Questions1,5,No,Your organization aims to implement a real-time recommendation engine for e-commerce users based on their browsing behavior. User session data is considered sensitive and must be anonymized before processing. How can the Kafka ecosystem be leveraged to meet these requirements?,"Deploy a Kafka Connect Source Connector to capture session data directly into Kafka, using Stream Processing to anonymize user identifiers before aggregating sessions for recommendation analysis.","Use a custom Kafka Producer application to publish session data to a topic, applying a Stream Processor to anonymize and then process the data for generating recommendations.","Implement a Kafka Connect Sink Connector to store session data into a NoSQL database, with a pre-processor to remove sensitive information before ingestion. Use Kafka Streams to read from the database for analysis.","Create a ksqlDB process to pull session data from source systems, apply anonymization functions within ksqlDB, and output the clean data to a Kafka topic for further processing by the Kafka Streams application.",,,1,"The correct answer is **1. Deploy a Kafka Connect Source Connector to capture session data directly into Kafka, using Stream Processing to anonymize user identifiers before aggregating sessions for recommendation analysis.**",
118,kafka-connect-questions1-q6,Kafka-Connect,Questions1,6,No,"An organization is implementing a system to monitor and alert on infrastructure health status in real-time. The system collects metrics from various sources, including some that contain proprietary information. Which approach ensures that only non-proprietary, critical health metrics are analyzed and alerted on?","Use Kafka Connect with appropriate Source Connectors for each metric source, configuring the connectors to filter out proprietary information. Process the filtered metrics stream with Kafka Streams for alerting.","Directly stream all metrics into Kafka using custom Producers, then employ a Kafka Streams application to separate proprietary data from non-proprietary data, and analyze the latter for alerting.","Implement a series of ksqlDB statements to ingest metrics into Kafka, applying filtering logic within ksqlDB to remove proprietary information before streaming processing and alerting.","Configure a Kafka Connect Sink Connector to aggregate all metrics into a centralized database, followed by batch processing to remove proprietary information before streaming the data into Kafka for real-time analysis.",,,1,"The correct answer is **1. Use Kafka Connect with appropriate Source Connectors for each metric source, configuring the connectors to filter out proprietary information. Process the filtered metrics stream with Kafka Streams for alerting.**",
119,kafka-connect-questions1-q7,Kafka-Connect,Questions1,7,No,"A multinational corporation is looking to aggregate sales data from multiple regional systems into a centralized Kafka topic for real-time analysis and reporting. The regional systems vary in technology, including SQL databases and cloud-based storage solutions. Which solution enables the efficient and unified ingestion of these diverse data sources into Kafka?",Deploy Kafka Streams applications near each regional system to collect and forward data to the centralized Kafka topic.,Use Kafka Connect with a mix of Source Connectors suitable for each regional system's technology to ingest data directly into Kafka.,Implement custom Kafka Producers embedded within each regional system to push data to the centralized Kafka topic.,Configure a Kafka Connect Sink Connector for each regional system to replicate data into the centralized Kafka topic.,,,2,The correct answer is **2.  Use Kafka Connect with a mix of Source Connectors suitable for each regional system's technology to ingest data directly into Kafka.**,
120,kafka-connect-questions1-q8,Kafka-Connect,Questions1,8,No,"An online media platform wishes to analyze user interactions (clicks, views, and comments) in real-time to dynamically adjust content recommendations. The platform generates a high volume of interaction data, necessitating scalable and real-time processing. What architecture best suits this requirement?","Utilize a Kafka Connect Source Connector to ingest interaction data into Kafka, then process this data with Kafka Streams to update content recommendations in real-time.","Directly stream interaction data into Kafka using a custom API, then use ksqlDB to perform real-time analysis and generate content recommendations.","Implement batch processing jobs to periodically analyze interaction data stored in an external database, and then use Kafka to distribute batch analysis results for content recommendation updates.","Configure Kafka Connect Sink Connectors to collect interaction data into a big data platform first, then process the data using external stream processing tools before updating content recommendations.",,,1,"The correct answer is **1. Utilize a Kafka Connect Source Connector to ingest interaction data into Kafka, then process this data with Kafka Streams to update content recommendations in real-time.**",
121,kafka-connect-questions1-q9,Kafka-Connect,Questions1,9,No,"A utility company monitors a network of IoT devices deployed across an energy grid. The devices send telemetry data (e.g., power usage, system health) every minute. The company wants to aggregate this data for near-real-time monitoring and anomaly detection. Which Kafka-based solution efficiently achieves this goal?","Configure Kafka Connect Sink Connectors to collect telemetry data from the IoT devices into Kafka, followed by a Kafka Streams application to aggregate and analyze the data.","Use Kafka Connect Source Connectors appropriate for the IoT devices' communication protocols to ingest telemetry data into Kafka, then employ Kafka Streams for data aggregation and anomaly detection.","Develop custom Kafka Producers within the IoT devices to send data directly to Kafka topics, then use external tools to pull and analyze the data from Kafka.","Implement a centralized database to collect IoT telemetry data first, then use Kafka Connect Source Connectors to ingest the data from the database into Kafka for further processing.",,,2,"The correct answer is **2.  Use Kafka Connect Source Connectors appropriate for the IoT devices' communication protocols to ingest telemetry data into Kafka, then employ Kafka Streams for data aggregation and anomaly detection.**",
122,kafka-connect-questions1-q10,Kafka-Connect,Questions1,10,No,"A digital marketing platform analyzes user activities to send personalized marketing emails. The platform uses Kafka to stream activity data, with fluctuations in data volume throughout the day. To ensure optimal performance during peak data inflow, what strategy should be employed?",Dynamically adjust the number of partitions in the user activities topic based on incoming data volume.,Scale the Kafka Streams application instances up or down in response to the processing load.,Increase or decrease the number of Kafka Connect Source Connector tasks to match the rate of incoming user activity data.,Modify the replication factor of the user activities topic during high load periods to improve data durability and availability.,,,2,The correct answer is **2.  Scale the Kafka Streams application instances up or down in response to the processing load.**,
123,kafka-connect-questions2-q11,Kafka-Connect,Questions2,11,No,"An e-commerce company uses Kafka to process customer orders. During sales events, the order volume spikes significantly. Which approach ensures the system scales efficiently to handle these spikes in order volume?",Automatically adjust the number of topics to spread the increased order messages across more Kafka topics during sales events.,Use Kafka Connect with scalable Source Connectors to adjust the throughput based on order volume.,Scale out the Kafka broker cluster by adding more brokers during high-volume periods and scale in when the volume decreases.,Configure the Kafka producer to dynamically adjust batch size and linger time based on the current throughput of order messages.,,,3,The correct answer is **3. Scale out the Kafka broker cluster by adding more brokers during high-volume periods and scale in when the volume decreases.**,
124,kafka-connect-questions2-q12,Kafka-Connect,Questions2,12,No,"A streaming media company uses Kafka to ingest viewer watch history for real-time recommendation updates. Viewer engagement varies greatly, with peak times during new content releases. To handle variable ingestion rates, which configuration should be optimized?",Adjust the replication factor of the watch history topic in real-time to handle the increased data volume.,Increase and decrease the number of Kafka Connect Sink Connector tasks to efficiently write watch history data into Kafka.,Scale the number of Kafka Streams applications processing the watch history data according to the ingestion rate.,Dynamically modify the number of partitions in the watch history topic to manage the load during peak engagement times.,,,3,"**Correct Answer:** 3. Scale the number of Kafka Streams applications processing the watch history data according to the ingestion rate.

**Explanation:**

Kafka Streams applications are responsible for processing data from Kafka topics in real-time. By scaling the number of Kafka Streams application instances, the company can adjust the processing capacity to match the variable ingestion rates, especially during peak times.

Key benefits of this approach:
- Scaling up during high engagement ensures that the system can handle increased data volumes without latency.
- Scaling down during low engagement periods optimizes resource utilization and reduces costs.
- This method allows for dynamic adjustment based on processing load rather than modifying Kafka's underlying configurations, which can be more complex and less responsive to real-time fluctuations.

**Why other options are less suitable:**

1. Adjusting the replication factor in real-time is not practical and does not directly address the issue of variable ingestion rates. Replication factor affects data redundancy and fault tolerance, not processing capacity.
2. Kafka Connect Sink Connectors are used to export data from Kafka to external systems, not for ingesting data into Kafka. This option is not relevant for the given scenario of ingesting viewer watch history.
3. Dynamically modifying the number of partitions is operationally complex and can cause data rebalancing issues. It's not recommended to change partition counts frequently in response to fluctuating loads.



The correct answer is **2. Increase and decrease the number of Kafka Connect Sink Connector tasks to efficiently write watch history data into Kafka.**",
125,kafka-connect-questions2-q13,Kafka-Connect,Questions2,13,No,A logistics company tracks shipping containers across the globe in real-time. This tracking information is stored in various formats across different databases. The company aims to centralize this data into Kafka for real-time visibility and to enable reactive logistics management. The IT team is proficient in SQL but new to Kafka. Which approach should they take to integrate this diverse data into Kafka efficiently?,Use JDBC Source Connectors to ingest container tracking data into Kafka. Transform this data into a unified format using Kafka Streams for real-time logistics management.,"Streamline data into Kafka using custom scripts that extract data from databases and publish to Kafka, relying on Kafka Streams for necessary transformations.","Consolidate data in the RDBMS using SQL procedures to match the target schema required by Kafka, then use JDBC Source Connectors to stream this unified data into Kafka.","Ingest raw data into Kafka using JDBC Source Connectors, then employ ksqlDB to perform SQL-like transformations and route the data to various microservices.",,,4,"The correct answer is **4. Ingest raw data into Kafka using JDBC Source Connectors, then employ ksqlDB to perform SQL-like transformations and route the data to various microservices.**",
126,kafka-connect-questions2-q14,Kafka-Connect,Questions2,14,No,"A retail company wishes to analyze customer transactions in real-time to personalize marketing efforts. Transaction data, including purchases and returns, is captured in a legacy system. The marketing team requires this data in a format that can be easily queried and joined with other customer data. Given the team's familiarity with SQL, what is the most effective way to achieve this?","Use JDBC Source Connectors to ingest transaction data into Kafka, followed by Kafka Streams for data transformation and enrichment.","Directly export transaction data to CSV files, use custom producers to send these files to Kafka, and then apply Kafka Streams for transformation.",Ingest transaction data into Kafka using JDBC Source Connectors and leverage ksqlDB for transforming and querying the data in a SQL-like manner.,"Transform data within the legacy system using SQL stored procedures, then use JDBC Source Connectors to ingest the pre-transformed data into Kafka.",,,3,The correct answer is **3. Ingest transaction data into Kafka using JDBC Source Connectors and leverage ksqlDB for transforming and querying the data in a SQL-like manner.**,
127,kafka-connect-questions2-q15,Kafka-Connect,Questions2,15,No,"An automotive manufacturer aims to optimize its supply chain by analyzing sensor data from its manufacturing equipment in real-time. The sensor data is currently logged in a proprietary format in a traditional database. The operations team, skilled in SQL, seeks to convert this data into actionable insights. Considering their expertise and requirements, which solution would best suit their needs?","Utilize JDBC Source Connectors to stream sensor data into Kafka, transforming the data into a more accessible format using Kafka Streams.","Export sensor data to a common format like JSON, use Kafka Connect to ingest this data, and then apply ksqlDB to analyze and visualize the data in real-time.","Stream sensor data directly into Kafka using custom producers, followed by data transformation through SQL procedures embedded within the Kafka ecosystem.","Ingest sensor data into Kafka using JDBC Source Connectors, then use ksqlDB to perform real-time analytics and transform the data for downstream processing.",,,4,"The correct answer is **4. Ingest sensor data into Kafka using JDBC Source Connectors, then use ksqlDB to perform real-time analytics and transform the data for downstream processing.**",
128,kafka-connect-questions2-q16,Kafka-Connect,Questions2,16,No,A company plans to synchronize data between a PostgreSQL database and a Kafka cluster to enable real-time analytics. Which connector should be used to efficiently import data from PostgreSQL into Kafka?,JDBC Source Connector,S3 Sink Connector,Elasticsearch Sink Connector,HDFS Sink Connector,,,1,"The correct answer is **1. JDBC Source Connector.**

**Explanation:**
- **1. JDBC Source Connector**: Correct choice. The JDBC Source Connector is designed to pull data from relational databases like PostgreSQL into Kafka topics, making it suitable for real-time data synchronization and analytics.
- **2. S3 Sink Connector**: Incorrect for this use case. This connector is used to export data from Kafka topics into AWS S3, not for importing data from databases into Kafka.
- **3. Elasticsearch Sink Connector**: Also incorrect for the scenario. While useful for exporting data from Kafka to Elasticsearch for search and analytics, it does not facilitate data import from PostgreSQL to Kafka.
- **4. HDFS Sink Connector**: Not applicable here. This connector exports data from Kafka to HDFS (Hadoop Distributed File System), and does not support importing data from PostgreSQL into Kafka.",
129,kafka-connect-questions2-q17,Kafka-Connect,Questions2,17,No,Your organization requires real-time text search capabilities on data streamed through Kafka. Which connector best facilitates exporting data from Kafka topics into Elasticsearch to meet this requirement?,JDBC Sink Connector,Elasticsearch Sink Connector,MongoDB Sink Connector,Kafka Connect File Sink Connector,,,2,"The correct answer is **2. Elasticsearch Sink Connector.**

**Explanation:**
- **1. JDBC Sink Connector**: Incorrect for this requirement. Primarily used for moving data from Kafka to relational databases, not suitable for integration with Elasticsearch for text search.
- **2. Elasticsearch Sink Connector**: Perfect fit. This connector is specifically designed to export data from Kafka topics directly into Elasticsearch, enabling powerful search and analytics capabilities on the streamed data.
- **3. MongoDB Sink Connector**: Incorrect. While MongoDB offers text search capabilities, this connector focuses on exporting data to MongoDB, not Elasticsearch.
- **4. Kafka Connect File Sink Connector**: Incorrect. This connector writes data from Kafka topics to the file system and does not integrate with Elasticsearch or support text search functionalities directly.",
130,kafka-connect-questions2-q18,Kafka-Connect,Questions2,18,No,A streaming application is designed to process events in real-time and then store processed events in an Amazon S3 bucket for long-term analysis. Which connector configuration is most appropriate for this use case?,JDBC Source Connector,S3 Sink Connector,MQTT Source Connector,File Source Connector,,,2,"The correct answer is **2. S3 Sink Connector.**

**Explanation:**
- **1. JDBC Source Connector**: Incorrect. This connector is used for importing data from relational databases into Kafka, not for storing data into S3.
- **2. S3 Sink Connector**: Correct. Specifically designed for exporting data from Kafka topics into Amazon S3, this connector supports both the requirement for long-term storage and efficient data analysis.
- **3. MQTT Source Connector**: Incorrect. This connector is utilized for ingesting data from MQTT-enabled devices into Kafka and does not facilitate data export to S3.
- **4. File Source Connector**: Incorrect. It's used for reading data from files into Kafka topics, not for writing or storing data into Amazon S3 from Kafka.",
131,kafka-connect-questions2-q19,Kafka-Connect,Questions2,19,No,An IoT company collects temperature and humidity data from sensors deployed in various locations. The goal is to correlate this environmental data with location-specific weather forecasts retrieved from an external API. Which approach best facilitates this integration and processing within the Kafka ecosystem?,"Ingest sensor data into a Kafka topic using MQTT connectors. Separately, use an external service to fetch weather forecasts, storing this data in a Kafka topic via the HTTP Source Connector. Utilize Kafka Streams to join sensor data with weather forecasts based on location and timestamp, outputting enriched data to another topic.","Directly stream sensor data and weather forecasts into Kafka using custom Kafka Producers implemented in Python. These producers perform API calls to retrieve forecasts, merge this data with sensor readings, and produce the combined records into a single Kafka topic.","Use the MQTT Source Connector to ingest sensor data into Kafka. Write a Kafka Streams application that performs REST API calls to the weather forecast service for each sensor data record processed, enriching and producing enriched records to a new topic.","Implement an MQTT proxy to capture sensor data into Kafka. Concurrently, utilize Kafka Connect with the JDBC Sink Connector to store sensor data in a relational database, from which an external cron job fetches weather forecasts, merges them with sensor data, and re-ingests the enriched data back into Kafka via JDBC Source Connector.",,,1,"The correct answer is **1. Ingest sensor data into a Kafka topic using MQTT connectors. Separately, use an external service to fetch weather forecasts, storing this data in a Kafka topic via the HTTP Source Connector. Utilize Kafka Streams to join sensor data with weather forecasts based on location and timestamp, outputting enriched data to another topic.**

**Explanation:**
- **1.** Correct. This approach leverages the strengths of Kafka's ecosystem for real-time data integration and processing. MQTT connectors efficiently ingest sensor data, while the HTTP Source Connector handles external API data. Kafka Streams then enables complex processing, such as joining data streams based on key attributes like location and time.
- **2.** While using custom producers allows for flexible data ingestion and preprocessing, it bypasses Kafka's robust and scalable data integration capabilities, such as fault tolerance and parallel processing provided by connectors and Kafka Streams.
- **3.** Integrating external API calls directly within a Kafka Streams application for each record can introduce significant latency and potential rate limit issues with the weather API, making it less efficient for enriching streaming data at scale.
- **4.** This method introduces unnecessary complexity and latency by cycling data through external systems and back into Kafka. It also fails to utilize Kafka's real-time streaming capabilities efficiently, such as stream processing for data enrichment without the need for intermediate storage.",
132,kafka-connect-questions2-q20,Kafka-Connect,Questions2,20,No,A retail chain wants to integrate sales data from their Point of Sale (POS) systems across multiple stores into Kafka for real-time analysis and inventory management. Each store's POS system dumps sales records into a local SQL database. The integration needs to account for network bandwidth limitations. Which strategy optimally addresses these requirements?,"Deploy Kafka Connect with the JDBC Source Connector at each store to ingest sales data into Kafka, using Single Message Transforms (SMTs) to filter and reduce the size of the data on the fly. Aggregate this data centrally using a Kafka Streams application for inventory analysis.","Utilize log-based Change Data Capture (CDC) connectors to monitor changes in each store's SQL database, streaming only new or changed sales records into Kafka. This minimizes network usage and enables real-time central processing with Kafka Streams.","Implement custom Kafka Producers within the POS systems to directly publish sales data to Kafka, compressing messages to mitigate network bandwidth issues. Use Kafka Streams for processing and inventory management centrally.","Set up a central database to aggregate sales data from all stores nightly. Use the JDBC Sink Connector to transfer this aggregated data into Kafka for next-day inventory analysis, relying on batch processing rather than real-time analysis.",,,2,"The correct answer is **2. Utilize log-based Change Data Capture (CDC) connectors to monitor changes in each store's SQL database, streaming only new or changed sales records into Kafka. This minimizes network usage and enables real-time central processing with Kafka Streams.**

**Explanation:**
- **1.** While JDBC Source Connectors are capable of ingesting data into Kafka, using them without consideration for data volume and network bandwidth can lead to inefficiencies, especially in bandwidth-limited environments.
- **2.** Correct. CDC connectors are designed to efficiently capture and stream only the incremental changes (new or updated sales records), significantly reducing network bandwidth requirements and enabling effective real-time data integration and processing.
- **3.** Custom producers offer flexibility but require additional development and maintenance effort. Compressing messages addresses bandwidth concerns but doesn't reduce the volume of data sent as effectively as streaming only changes.
- **4.** This approach shifts towards batch processing, which does not meet the requirement for real-time analysis and fails to leverage",
133,kafka-connect-questions3-q21,Kafka-Connect,Questions3,21,No,"A media company streams live video content, which generates logs of viewer interactions (e.g., play, pause, stop) in real-time. To enhance viewer experience through personalized content and advertisements, they need to analyze these logs in real-time. The logs are stored in NoSQL databases across different geographical locations. Considering the need for low-latency analysis, which setup is most appropriate?","Use Kafka Connect with a custom NoSQL Source Connector for each geographical location to ingest logs into Kafka, then utilize Kafka Streams for real-time analysis and dynamic content delivery.","Directly stream logs from NoSQL databases to Kafka using log-based Change Data Capture (CDC) connectors specific to each NoSQL database type, followed by processing with ksqlDB to generate viewer insights and personalized content recommendations.","Configure a network of MQTT brokers to collect logs from each location, and then use an MQTT Source Connector to consolidate logs into Kafka. Apply a Kafka Streams application to analyze viewer interactions and adjust content recommendations.","Implement a batch ETL process to extract logs from NoSQL databases nightly, load them into Kafka for next-day processing with Kafka Streams, and update content recommendations based on the analysis.",,,2,"The correct answer is **2. Directly stream logs from NoSQL databases to Kafka using log-based Change Data Capture (CDC) connectors specific to each NoSQL database type, followed by processing with ksqlDB to generate viewer insights and personalized content recommendations.**

**Explanation:**
- **1.** Custom connectors for each location could work but might not offer the low-latency needed for real-time analysis and personalized content delivery compared to CDC connectors that capture changes as they happen.
- **2.** Correct. CDC connectors are designed to capture and stream real-time changes (including viewer interactions) from databases to Kafka, facilitating immediate analysis. Using ksqlDB allows for leveraging SQL-like queries for real-time data processing, ideal for generating insights and recommendations with minimal latency.
- **3.** While MQTT is suitable for IoT data, using it for log data from NoSQL databases introduces unnecessary complexity and may not provide the direct integration or the efficiency of CDC connectors.
- **4.** Batch ETL processes cannot meet the requirements for real-time analysis and dynamic content personalization due to the inherent delay in processing.",
134,kafka-connect-questions3-q22,Kafka-Connect,Questions3,22,No,"An online retailer integrates user reviews from their website into Kafka to perform sentiment analysis and adjust product rankings accordingly. Reviews are initially posted to a MongoDB database. To ensure the analysis reflects recent feedback, which configuration ensures the most efficient and timely data flow into Kafka?","Configure MongoDB Source Connector to capture new and updated reviews into Kafka, then use Kafka Streams for sentiment analysis and to adjust product rankings in near-real-time.","Utilize a cron job to export reviews from MongoDB to CSV files at regular intervals, then use File Source Connectors to ingest these files into Kafka, followed by processing with Kafka Streams.","Deploy log-based CDC connectors to stream only the changes (new and updated reviews) from MongoDB into Kafka, leveraging ksqlDB for continuous sentiment analysis and product ranking adjustments.","Directly access the MongoDB API from Kafka Streams applications to fetch new and updated reviews, perform sentiment analysis, and update product rankings without storing reviews in Kafka.",,,3,"The correct answer is **3. Deploy log-based CDC connectors to stream only the changes (new and updated reviews) from MongoDB into Kafka, leveraging ksqlDB for continuous sentiment analysis and product ranking adjustments.**

**Explanation:**
- **1.** MongoDB Source Connector can efficiently ingest data into Kafka, but this option doesn't specify the efficiency of capturing only new or updated reviews like CDC would.
- **2.** Exporting to CSV and using File Source Connectors introduces delays, making it unsuitable for reflecting recent feedback in near-real-time.
- **3.** Correct. CDC connectors are specifically designed for efficient, real-time data synchronization by capturing only new and modified data. Using ksqlDB for sentiment analysis allows for real-time processing and immediate action on the insights.
- **4.** Fetching data directly via the MongoDB API bypasses Kafka's benefits of decoupling data producers and consumers, scalability, and fault tolerance, making it less efficient for real-time analysis and adjustment of product rankings.",
135,kafka-connect-questions3-q23,Kafka-Connect,Questions3,23,No,A financial institution aims to merge transaction data from legacy systems with real-time fraud detection models running on Kafka Streams. The transaction data resides in various legacy databases and must be enriched with real-time fraud signals before being presented on a dashboard. What's the most effective architecture for this use case?,Use JDBC Source Connectors to ingest transaction data from legacy databases into Kafka. Enrich the data using Kafka Streams by joining it with real-time fraud detection signals. Utilize a Kafka Connect Sink Connector to publish the enriched data to the dashboard.,"Implement custom Kafka Producers to extract transaction data from legacy systems, enriching the data in-flight with fraud detection signals before producing it to a Kafka topic for dashboard consumption.","Directly connect the legacy databases to Kafka Streams applications using custom database clients. Perform the enrichment with real-time fraud detection signals in the application, then produce the enriched data to a Kafka topic for dashboard visualization.",Leverage Change Data Capture (CDC) connectors to stream transaction data from legacy databases into Kafka. Use Kafka Streams for real-time enrichment with fraud detection signals and ksqlDB to further process and prepare the data for dashboard presentation.,,,4,"The correct answer is **4. Leverage Change Data Capture (CDC) connectors to stream transaction data from legacy databases into Kafka. Use Kafka Streams for real-time enrichment with fraud detection signals and ksqlDB to further process and prepare the data for dashboard presentation.**

**Explanation:**
- **1.** While using JDBC Source Connectors to ingest transaction data into Kafka is a viable option, it may not provide the low-latency required for real-time fraud detection compared to the efficiency of CDC connectors.
- **2.** Implementing custom Kafka Producers requires significant development effort and might not be as efficient or scalable as using built-in Kafka Connect connectors. Additionally, enriching data in-flight before it reaches Kafka can complicate the architecture.
- **3.** Connecting legacy databases directly to Kafka Streams applications complicates the architecture and increases the coupling between data sources and processing logic, making the system less resilient and scalable.
- **4.** Correct. CDC connectors are ideal for capturing changes from legacy databases in real-time, minimizing latency. Kafka Streams enables sophisticated stream processing capabilities for enrichment with fraud detection signals. Using ksqlDB allows for additional processing and preparation of the enriched data in a more accessible SQL-like language, making it suitable for dynamic dashboard presentation. This option efficiently combines real-time data integration, processing, and presentation while leveraging the strengths of the Kafka ecosystem.",
136,kafka-connect-questions3-q24,Kafka-Connect,Questions3,24,No,Where are the Kafka Connect connector configurations stored?,In a separate config file on each Kafka Connect worker,In the Kafka broker's config directory,In Zookeeper under the `/kafka-connect` znode,In a special Kafka topic named `connect-configs`,,,4,"4

**Explanation:**
Kafka Connect uses a special Kafka topic named `connect-configs` to store connector and task configurations. When a connector is created or updated, the configurations are persisted in this topic.

- 1 is incorrect because connector configs are not stored in separate files on the worker nodes.
- 2 is incorrect as connector configs are not stored in the Kafka broker's config directory.
- 3 is incorrect because while Kafka Connect uses Zookeeper for some coordination tasks, connector configs specifically are not stored in Zookeeper.",
137,kafka-connect-questions3-q25,Kafka-Connect,Questions3,25,No,You want to use Kafka Connect to export data from a Kafka topic to a relational database. Which type of connector should you use?,Source Connector,Sink Connector,Transformation Connector,Import Connector,,,2,"**Answer:** 2

**Explanation:**
In Kafka Connect, a Sink Connector is used to consume data from Kafka topics and deliver it to an external system, such as a relational database, a search index, or a file system.

- 1 Source Connector is used to import data from an external system into Kafka topics, which is the opposite of what's needed here.
- 3 is incorrect because Transformation Connectors are not a real type in Kafka Connect. Transformations can be applied to a connector configuration, but they are not a separate connector type.
- 4 is incorrect because ""Import Connector"" is not a real term in Kafka Connect.",
138,kafka-connect-questions3-q26,Kafka-Connect,Questions3,26,No,You need to stream data from a Twitter feed into a Kafka topic for real-time processing. Which Kafka Connect connector type is most appropriate?,Sink Connector,Source Connector,Transformation Connector,Export Connector,,,2,"**Answer:** 2

**Explanation:**
A Kafka Connect Source Connector is used to import data from an external source, such as a database, a Twitter feed, or a messaging system, and publish that data to Kafka topics.

- 1 Sink Connector is used to export data from Kafka topics to an external system, which is the opposite of what's needed here.
- 3 is incorrect because Transformation Connectors are not a real type in Kafka Connect. Transformations can be applied to a connector configuration, but they are not a separate connector type.
- 4 is incorrect because ""Export Connector"" is not a real term in Kafka Connect.",
139,kafka-connect-questions3-q27,Kafka-Connect,Questions3,27,No,"You are using Kafka Connect to move data from a source system into Kafka for real-time processing with Kafka Streams. After processing, the results need to be stored in HDFS for batch analysis. Which combination of connector types will you need?",Source Connector -> Sink Connector,Sink Connector -> Source Connector,Source Connector -> Source Connector,Sink Connector -> Sink Connector,,,1,"**Answer:** 1

**Explanation:**
This scenario requires a combination of a Source Connector and a Sink Connector:

1. A Source Connector is needed to import data from the source system into Kafka topics.
2. Kafka Streams can then process this data in real-time.
3. Finally, a Sink Connector is needed to export the processed results from Kafka topics to HDFS.

The other options are incorrect:

- 2 would be importing from Kafka to the source system and then from HDFS to Kafka, which is the wrong direction.
- 3 and 4 use the same connector type twice, which doesn't make sense for moving data from a source to Kafka to a sink.",
140,kafka-connect-questions3-q28,Kafka-Connect,Questions3,28,No,You are using a JDBC source connector to copy data from a database table to a Kafka topic. The table has 5 columns. How many tasks will be created by the connector?,1,5,It depends on the `max.tasks` configuration of the connector,It depends on the number of partitions in the Kafka topic,,,1,"**Answer:** 1

**Explanation:**
When using a JDBC source connector to copy data from a database table to a Kafka topic, the number of tasks created by the connector is not directly related to the number of columns in the table.

- 2. default, a JDBC source connector creates only one task per table, regardless of the number of columns. Each task reads data from the entire table and writes it to the Kafka topic.

The number of tasks can be controlled by the `max.tasks` configuration property of the connector. However, even if `max.tasks` is set to a value greater than 1, the JDBC connector will still create only one task per table.

The reason for this is that the JDBC connector reads data from the table sequentially, and splitting the data across multiple tasks based on columns would not provide any parallelism benefits.

Statement 2 is incorrect because the number of tasks is not determined by the number of columns in the table.

Statement 3 is partially correct, but it doesn't apply to the JDBC connector specifically. The `max.tasks` configuration is used by some connectors to control the maximum number of tasks, but the JDBC connector always creates one task per table.

Statement 4 is incorrect because the number of tasks is not related to the number of partitions in the Kafka topic. The JDBC connector's task reads data from the table and writes it to the topic, regardless of the topic's partitioning.",
141,kafka-connect-questions3-q29,Kafka-Connect,Questions3,29,No,What happens if the `max.tasks` configuration is set to a value less than the number of tables being copied by a JDBC source connector?,"The connector will create one task per table, ignoring the `max.tasks` setting","The connector will create tasks up to the `max.tasks` limit, potentially leaving some tables without dedicated tasks",The connector will distribute the tables evenly among the available tasks,The connector will fail with an error due to the insufficient number of tasks,,,3,"**Answer:** 3

**Explanation:**
When the `max.tasks` configuration is set to a value less than the number of tables being copied by a JDBC source connector, the connector will distribute the tables evenly among the available tasks.

Key points:
- The connector respects the `max.tasks` setting and creates up to that number of tasks.
- All tables are processed; no tables are left without tasks.
- Tables are assigned to tasks in a way that balances the load.
- Each task will handle multiple tables, processing them sequentially.

Example:
If there are 10 tables and `max.tasks` is set to 5:
- The connector creates 5 tasks.
- Each task is assigned 2 tables.
- All tables are processed, and the workload is distributed evenly among the tasks.

This approach ensures that all data is ingested into Kafka, maintaining data integrity and completeness while respecting the `max.tasks` limit.",
142,kafka-connect-questions3-q30,Kafka-Connect,Questions3,30,Yes,How can you increase the parallelism of a JDBC source connector to improve the performance of copying data from a database to Kafka?,Increase the `max.tasks` configuration of the connector,Increase the number of partitions in the target Kafka topic,Increase the `tasks.max` configuration of the Kafka Connect workers,"Use multiple instances of the JDBC connector, each copying a different subset of tables",,,"1, 4","**Answer:** 1 and 4

**Explanation:**
To increase the parallelism of a JDBC source connector and improve performance, you can use a combination of approaches:

1. Increase the `max.tasks` configuration of the connector:
   - This allows the connector to create more tasks within a single instance.
   - Each task can process data independently, increasing parallelism.

4. Use multiple instances of the JDBC connector, each copying a different subset of tables:
   - Distributes the workload across multiple connector instances.
   - Each instance can run tasks in parallel, further enhancing performance.

Combining both options can maximize parallelism and performance, although it's important to manage the complexity that comes with multiple connector instances.

Additional notes:
- Option 2 (increasing partitions) can help with downstream consumer parallelism but doesn't directly affect the connector's parallelism.
- Option 3 (increasing `tasks.max` of Kafka Connect workers) allows the cluster to handle more tasks but doesn't increase the connector's parallelism unless combined with Option 1.",
143,kafka-connect-questions4-q31,Kafka-Connect,Questions4,31,No,What information about Kafka Connect tasks is NOT stored in the `connect-status` topic?,The connector and task configurations,"The current status of each connector and task (running, failed, paused, etc.)",The offsets processed by each connector,The worker node each task is assigned to,,,1,"**Answer:** 1

**Explanation:**
The `connect-status` topic in Kafka is used by Kafka Connect to store status information about connectors and tasks. However, it does not store the actual configurations of the connectors and tasks.

- 1: Connector and task configurations are stored in the `connect-configs` topic, not in `connect-status`.
- 2, 4: The current status and worker assignment for each connector and task are indeed stored in `connect-status`.
- 3: The offsets processed by each connector are stored in `connect-status` to facilitate monitoring and resuming from failures.",
144,kafka-connect-questions4-q32,Kafka-Connect,Questions4,32,No,You have a Kafka cluster with 5 brokers and a topic with 10 partitions. You want to consume messages from this topic using a consumer group with 3 consumers. What is the maximum number of partitions that can be assigned to a single consumer?,3,4,5,10,,,2,"**Answer:** 2

**Explanation:**
In a Kafka consumer group, the partitions of a topic are distributed among the available consumers to achieve parallel consumption. The maximum number of partitions that can be assigned to a single consumer depends on the total number of partitions and the number of consumers in the group.

When there are more partitions than consumers, Kafka will distribute the partitions as evenly as possible among the consumers. In this case, with 10 partitions and 3 consumers, the distribution will be as follows:

- Consumer 1: 4 partitions
- Consumer 2: 3 partitions
- Consumer 3: 3 partitions

Therefore, the maximum number of partitions that can be assigned to a single consumer is 4.

If there were fewer partitions than consumers, some consumers would be idle and not receive any partitions. For example, if there were 5 consumers and 10 partitions, each consumer would be assigned 2 partitions, and no consumer would have more than 2 partitions.

It's important to note that the actual partition assignment may vary based on factors such as the partition assignment strategy and the current state of the consumer group. However, in general, Kafka aims to distribute the partitions evenly among the available consumers to ensure balanced consumption.",
145,kafka-connect-questions4-q33,Kafka-Connect,Questions4,33,No,You have a Kafka cluster with 3 brokers and a topic with 12 partitions. You want to create a consumer group with 4 consumers to consume messages from this topic. How many consumers will be actively consuming messages?,1,3,4,12,,,3,"**Answer:** 3

**Explanation:**
In a Kafka consumer group, the number of active consumers depends on the number of partitions in the topic and the number of consumers in the group. Kafka assigns partitions to consumers in a way that ensures each partition is consumed by exactly one consumer in the group.

When there are more consumers than partitions, some consumers will be idle and not actively consume messages. In this case, with 12 partitions and 4 consumers, all 4 consumers will be actively consuming messages.

Here's how the partition assignment will work:

- Consumer 1: Assigned 3 partitions
- Consumer 2: Assigned 3 partitions
- Consumer 3: Assigned 3 partitions
- Consumer 4: Assigned 3 partitions

Each consumer will be responsible for consuming messages from its assigned partitions. Since there are more partitions than consumers, each consumer will have an equal share of the partitions and will be actively consuming messages.

If there were fewer partitions than consumers, some consumers would be idle. For example, if there were 3 partitions and 4 consumers, only 3 consumers would be actively consuming messages, and 1 consumer would be idle.

It's important to note that the actual partition assignment may vary based on factors such as the partition assignment strategy and the current state of the consumer group. However, in general, Kafka aims to distribute the partitions evenly among the available consumers to ensure balanced consumption.",
146,kafka-connect-questions4-q34,Kafka-Connect,Questions4,34,No,What is the purpose of the `connect-offsets` topic in Kafka Connect?,It stores the configuration of the connectors.,It stores the status of the connector tasks.,It stores the offsets of the source connectors.,It stores the offsets of the sink connectors.,,,3,"**Answer:** 3

**Explanation:**
In Kafka Connect, the `connect-offsets` topic is used to store the offsets of the source connectors. It plays a crucial role in enabling fault tolerance and recovery of connector tasks.

Here's how the `connect-offsets` topic is used:

1. Offset Tracking:
   - When a source connector reads data from an external system, it keeps track of the offsets or positions of the data it has processed.
   - The connector periodically writes these offsets to the `connect-offsets` topic.
   - Each record in the `connect-offsets` topic represents an offset for a specific partition or data source.

2. Fault Tolerance:
   - If a connector task fails or is restarted, Kafka Connect uses the offsets stored in the `connect-offsets` topic to resume data processing from the last committed offset.
   - This ensures that no data is lost or duplicated during failures or restarts of connector tasks.

3. Connector Recovery:
   - When a connector is restarted or a new connector task is created, it reads the offsets from the `connect-offsets` topic to determine the starting position for data processing.
   - By using the stored offsets, the connector can pick up from where it left off and continue processing data without starting from scratch.

The `connect-offsets` topic is automatically created by Kafka Connect when a source connector is deployed. It is an internal topic managed by Kafka Connect and should not be modified or consumed by external applications.

It's important to note that the `connect-offsets` topic is specific to source connectors. Sink connectors, which write data to external systems, do not use this topic for offset management (option 4).

The `connect-configs` topic (option 1) is used to store the configuration of the connectors, while the `connect-status` topic (option 2) stores the status of the connector tasks. These are separate topics from `connect-offsets`.",
147,kafka-connect-questions4-q35,Kafka-Connect,Questions4,35,No,How does Kafka Connect handle the scalability of connectors?,By automatically creating multiple instances of a connector based on the load.,By allowing manual configuration of the number of tasks for each connector.,By dynamically adjusting the number of tasks based on the connector's performance.,By requiring a separate Kafka Connect cluster for each connector.,,,2,"**Answer:** 2

**Explanation:**
Kafka Connect provides scalability for connectors by allowing manual configuration of the number of tasks for each connector. This enables you to scale the processing of a connector based on your specific requirements and the characteristics of the data being processed.

Here's how Kafka Connect handles connector scalability:

1. Connector Configuration:
   - When deploying a connector, you can specify the `tasks.max` parameter in the connector configuration.
   - The `tasks.max` parameter determines the maximum number of tasks that can be created for the connector.

2. Task Allocation:
   - Kafka Connect distributes the work of a connector across multiple tasks.
   - Each task is responsible for processing a subset of the data handled by the connector.
   - The number of tasks created for a connector is determined by the `tasks.max` configuration and the partitioning of the data.

3. Scalability:
   - By increasing the `tasks.max` value, you can scale the processing of a connector to handle higher throughput or process data from multiple partitions in parallel.
   - Kafka Connect automatically distributes the tasks across the available Kafka Connect worker nodes in the cluster.
   - Each task runs independently and processes its assigned subset of data, allowing for parallel processing and increased overall throughput.

4. Resource Utilization:
   - The number of tasks for a connector should be chosen based on the available resources (CPU, memory) in the Kafka Connect cluster.
   - Each task consumes resources on the worker node where it is running.
   - It's important to balance the number of tasks with the available resources to avoid overloading the Kafka Connect cluster.

Kafka Connect does not automatically create multiple instances of a connector based on the load (option 1) or dynamically adjust the number of tasks based on the connector's performance (option 3). The number of tasks is manually configured using the `tasks.max` parameter.

Additionally, Kafka Connect does not require a separate cluster for each connector (option 4). Multiple connectors can run within the same Kafka Connect cluster, and the tasks of different connectors can be distributed across the available worker nodes.",
148,kafka-connect-questions4-q36,Kafka-Connect,Questions4,36,No,What happens when a Kafka Connect worker node fails in a distributed Kafka Connect cluster?,All the connectors and tasks running on the failed worker node are permanently lost.,The connectors and tasks are automatically redistributed to the remaining worker nodes.,"The failed worker node is replaced with a new worker node, and the tasks are reassigned.",The entire Kafka Connect cluster goes down until the failed worker node is restored.,,,2,"**Answer:** 2

**Explanation:**
In a distributed Kafka Connect cluster, when a worker node fails, Kafka Connect automatically redistributes the connectors and tasks running on the failed node to the remaining active worker nodes in the cluster. This ensures fault tolerance and continued operation of the connectors and tasks.

Here's what happens when a Kafka Connect worker node fails:

1. Worker Node Failure Detection:
   - Kafka Connect uses a heartbeat mechanism to detect worker node failures.
   - Each worker node periodically sends heartbeats to the Kafka Connect cluster to indicate its health and availability.
   - If a worker node fails to send heartbeats within a configured timeout period, it is considered dead.

2. Task Rebalancing:
   - When a worker node failure is detected, Kafka Connect triggers a rebalancing process.
   - The connectors and tasks that were running on the failed worker node are redistributed among the remaining active worker nodes in the cluster.
   - Kafka Connect uses the `connect-offsets` topic to determine the latest offsets for the tasks and ensures that data processing resumes from the last committed offset.

3. Connector and Task Reassignment:
   - The redistributed connectors and tasks are assigned to the available worker nodes based on the current load and capacity of each node.
   - Kafka Connect aims to evenly distribute the workload across the cluster to ensure optimal performance and resource utilization.
   - The reassignment process is transparent to the connectors and tasks, and they continue processing data from where they left off.

4. Continuous Operation:
   - After the rebalancing and reassignment process is complete, the Kafka Connect cluster continues operating with the remaining worker nodes.
   - The connectors and tasks that were previously running on the failed worker node are now running on the active worker nodes.
   - Kafka Connect ensures that data processing continues without interruption, maintaining the overall functionality and reliability of the system.

It's important to note that the connectors and tasks are not permanently lost when a worker node fails (option 1). Kafka Connect's fault tolerance mechanisms ensure that they are redistributed and continue running on the available worker nodes.

The failed worker node is not automatically replaced with a new worker node (option 3). Instead, the workload is redistributed among the existing worker nodes in the cluster.

The failure of a single worker node does not bring down the entire Kafka Connect cluster (option 4). The cluster remains operational, and the workload is redistributed to maintain continuous operation.",
149,kafka-streams-questions1-q1,Kafka-Streams,Questions1,1,No,"In a Kafka cluster, two topics, `TopicA` and `TopicB`, are configured to be co-partitioned. This means they have an identical number of partitions, and messages in corresponding partitions are related to each other. Given the following configurations for these topics:

- `TopicA` has 6 partitions.
- `TopicB` is configured with the same number of partitions as `TopicA`.
- Both topics are consumed by a single consumer group with the `max.poll.records` configuration set to 500.

Assuming that the consumer processes messages from both topics in a manner that maintains their relationship, what is a critical consideration for ensuring data consistency across these co-partitioned topics?",Ensuring both topics have the same `replication.factor` to prevent data loss.,Using a custom partitioner that assigns messages to the same partition number in both topics based on key.,Configuring `TopicB` with a higher number of partitions than `TopicA` to ensure scalability.,Increasing `max.poll.records` to a higher value to ensure more messages are processed in each poll.,,,2,"The correct answer is **2. Using a custom partitioner that assigns messages to the same partition number in both topics based on key.**

</details>",
150,kafka-streams-questions1-q2,Kafka-Streams,Questions1,2,No,"For a streaming application processing data from two co-partitioned topics, `TopicX` and `TopicY`, which configuration ensures that the stream processing application maintains message ordering and correlation between these topics?",Configuring both topics with `log.compaction=true` to ensure message deduplication.,Ensuring that both topics are consumed by the application in separate threads.,Assigning a unique consumer group for each topic to maximize parallel processing.,Ensuring both topics use the same key for related messages and are consumed by the same consumer group.,,,4,"The correct answer is **4. Ensuring both topics use the same key for related messages and are consumed by the same consumer group.**

</details>",
151,kafka-streams-questions1-q3,Kafka-Streams,Questions1,3,No,"In a Kafka Streams application that enriches user clickstream data by joining it with user profile information, what should be the characteristics of the topic storing user profiles for optimal join operations?

```java
StreamsBuilder builder = new StreamsBuilder();
KStream<String, String> clicks = builder.stream(""clickstream-topic"");
KTable<String, String> profiles = builder.table(""user-profiles-topic"");
KStream<String, String> enrichedClicks = clicks.join(profiles,
    (click, profile) -> click + "" enriched with "" + profile);
enrichedClicks.to(""enriched-clickstream-topic"");
builder.build();
```

Choose the best topic configuration for `user-profiles-topic`.",compression.type = snappy,cleanup.policy = delete,cleanup.policy = compact,,,,3,"The correct answer is **3. cleanup.policy = compact.**

**Explanation:**
The `user-profiles-topic`, being used as a `KTable`, represents a changelog of user profile information. Using a `cleanup.policy` of `compact` ensures that the topic retains only the latest state of each user profile, which is essential for performing accurate and efficient joins with the clickstream data.

</details>",
152,kafka-streams-questions1-q4,Kafka-Streams,Questions1,4,No,"When developing a Kafka Streams application that aggregates transaction amounts by user ID from a financial transactions topic, which key-serde configuration ensures optimal processing and state store management?

```java
StreamsBuilder builder = new StreamsBuilder();
KStream<String, BigDecimal> transactions = builder.stream(""transactions-topic"",
    Consumed.with(Serdes.String(), Serdes.BigDecimal()));
KTable<String, BigDecimal> aggregatedTransactions = transactions
    .groupByKey()
    .reduce(BigDecimal::add, Materialized.as(""aggregated-transactions-store""));
aggregatedTransactions.toStream().to(""aggregated-transactions-topic"");
builder.build();
```

Select the correct Serde configuration for both the input topic and the state store.","Key Serde = Serdes.String(), Value Serde = Serdes.BigDecimal()","Key Serde = Serdes.Long(), Value Serde = Serdes.Double()","Key Serde = Serdes.String(), Value Serde = Serdes.String()",,,,1,"The correct answer is **1. Key Serde = Serdes.String(), Value Serde = Serdes.BigDecimal().**

**Explanation:**
The application processes financial transactions where the key is presumably a user ID (as a String) and the value is a transaction amount (as a BigDecimal). Using `Serdes.String()` for the key and `Serdes.BigDecimal()` for the value ensures that the data is correctly serialized/deserialized for both Kafka topic interaction and state store management, facilitating efficient and accurate aggregations.

</details>",
153,kafka-streams-questions1-q5,Kafka-Streams,Questions1,5,No,"In a Kafka Streams application designed to monitor and alert on abnormal application log levels, logs are streamed from a source topic. Each record contains the log level (e.g., ERROR, WARN, INFO) and the log message. The application filters for ERROR level logs and forwards them to an output topic for immediate action. Consider the following Kafka Streams code snippet:

```java
StreamsBuilder builder = new StreamsBuilder();
KStream<String, String> logs = builder.stream(""application-logs"");
KStream<String, String> errorLogs = logs.filter((key, value) -> value.contains(""ERROR""));
errorLogs.to(""error-logs-topic"");
builder.build();
```

What is the most appropriate configuration for the `application-logs` source topic to optimize the performance of this Kafka Streams application?",retention.bytes = -1,cleanup.policy = compact,min.insync.replicas = 2,,,,1,"The correct answer is **1. retention.bytes = -1.**

**Explanation:**
Given that the application is monitoring and alerting on abnormal log levels, particularly focusing on ERROR logs, the source topic `application-logs` does not specifically benefit from log compaction (`cleanup.policy = compact`) or a higher replication guarantee (`min.insync.replicas = 2`) for performance. Setting `retention.bytes = -1` ensures that logs are not prematurely removed based on size, which is crucial for a monitoring application that may need to process a high volume of logs and should not miss any ERROR logs due to log rolling based on size constraints.

</details>",
154,kafka-streams-questions1-q6,Kafka-Streams,Questions1,6,No,"For a Kafka Streams application that processes customer orders to calculate real-time metrics such as total orders per hour, considering the following code:

```java
StreamsBuilder builder = new StreamsBuilder();
KStream<String, Order> orders = builder.stream(""orders-topic"",
    Consumed.with(Serdes.String(), new JsonSerde<>(Order.class)));
KTable<Windowed<String>, Long> ordersPerHour = orders
    .groupByKey()
    .windowedBy(TimeWindows.of(Duration.ofHours(1)))
    .count(Materialized.as(""orders-per-hour-metrics""));
ordersPerHour.toStream().to(""orders-metrics-topic"");
builder.build();
```

Which configuration ensures that the state store `orders-per-hour-metrics` is optimally managed for performance and recovery?",state.store.replication.factor = 3,state.store.log.compaction = true,commit.interval.ms = 100,,,,1,"The correct answer is **1. state.store.replication.factor = 3.**

**Explanation:**
For stateful operations such as windowed aggregation (`ordersPerHour`), ensuring that the state store (`orders-per-hour-metrics`) is replicated across multiple brokers is crucial for both performance and fault tolerance. Setting `state.store.replication.factor = 3` increases the resilience of the state store, allowing for faster recovery in the event of a broker failure and ensuring that real-time metrics calculations are less likely to be interrupted. While log compaction (`state.store.log.compaction = true`) is not a valid configuration for state stores, and reducing the commit interval (`commit.interval.ms = 100`) could improve throughput, it is the replication factor of the state store that most directly impacts its performance and reliability in a production environment.

</details>",
155,kafka-streams-questions1-q7,Kafka-Streams,Questions1,7,No,Is Kafka Streams DSL ANSI SQL compliant?,Yes,No,Partially,It depends on the version,,,B,"**Answer:** B

**Explanation:**
Kafka Streams DSL, which is used for writing stream processing applications, is not ANSI SQL compliant. It uses a fluent Java API that is inspired by SQL but does not aim for full compliance.

- A is incorrect as Kafka Streams DSL is not designed to be ANSI SQL compliant.
- C and D are incorrect because the non-compliance is not partial or version-dependent. It's a design choice.

</details>",
156,kafka-streams-questions1-q8,Kafka-Streams,Questions1,8,No,What is the primary language used for writing Kafka Streams applications?,Python,Java,Scala,SQL,,,B,"**Answer:** B

**Explanation:**
Kafka Streams is a Java library for building real-time, highly scalable, fault-tolerant, distributed applications for stream processing. The primary language for writing Kafka Streams applications is Java.

- A, C, D are incorrect because while Kafka Streams integrates with other JVM languages like Scala, and there are some Python wrappers available, the native and primary language is Java.

</details>",
157,kafka-streams-questions1-q9,Kafka-Streams,Questions1,9,No,What is the role of RocksDB in Kafka Streams?,It is used for storing output topics.,It is used for storing intermediate processing state.,It is used for storing the Kafka Streams application code.,It is not used in Kafka Streams.,,,B,"**Answer:** B

**Explanation:**
In Kafka Streams, RocksDB is used as the default local state store for storing intermediate processing state. This state represents the computed results of the stream processing that need to be maintained between processing cycles.

- A is incorrect because output topics are stored in Kafka, not RocksDB.
- C is incorrect as application code is not stored in RocksDB.
- D is incorrect because RocksDB is indeed used in Kafka Streams for state management.",
158,kafka-streams-questions2-q11,Kafka-Streams,Questions2,11,No,"In a Kafka Streams application, where are the processing topology configurations stored?",In a special Kafka topic named `streams-configs`,In Zookeeper under the `/kafka-streams` znode,In the Kafka Streams application code itself,In a separate config file read by the Kafka Streams application,,,C,"**Answer:** C

**Explanation:**
In a Kafka Streams application, the processing topology (the DAG of processing nodes) is defined in the application code itself using the Kafka Streams DSL or the Processor API.

- A, B are incorrect because Kafka Streams does not use a special topic or Zookeeper for storing topology configurations.
- D is incorrect as the topology is not defined in a separate config file, but rather in the application code.",
159,kafka-streams-questions2-q12,Kafka-Streams,Questions2,12,No,You are implementing a Kafka Streams application. The input is a KStream from a topic where the message values are in Avro format. What should you set for the `default.value.serde` property in the Streams configuration?,`Serdes.String()`,`Serdes.ByteArray()`,`SpecificAvroSerde`,`GenericAvroSerde`,,,C,"**Answer:** C

**Explanation:**
In a Kafka Streams application, you need to specify the default serdes (serializers/deserializers) for message keys and values. Since the input topic has message values in Avro format, you should set:

- `default.value.serde=SpecificAvroSerde`: This tells Kafka Streams to use the `SpecificAvroSerde` to deserialize the message values. This assumes that you have specific Avro-generated classes for your data schema.

The other options are not ideal:

- A: `Serdes.String()` would be incorrect because the message values are in Avro format, not plain strings.
- B: `Serdes.ByteArray()` could work, but it would give you raw bytes that you'd have to deserialize manually. It's better to use a specific Avro serde.
- D: `GenericAvroSerde` could be used if you don't have specific Avro-generated classes and want to use the generic Avro record representation. But if you have specific classes, `SpecificAvroSerde` is preferred.",
160,kafka-streams-questions2-q13,Kafka-Streams,Questions2,13,No,What is the recommended way to enhance the performance of a Kafka Streams application that does a simple map transformation on the input data?,Increase the number of partitions of the output topic,Enable state store caching,Increase the commit interval,Disable logging,,,A,"**Answer:** A

**Explanation:**
In a Kafka Streams application that performs a simple stateless transformation like `map`, the bottleneck is often in the processing of the output topic. Increasing the number of partitions of the output topic allows more consumer instances to read from the topic in parallel, thereby increasing the overall throughput.

- B is not applicable because state store caching is useful for stateful operations, not for stateless transformations like `map`.
- C is incorrect because increasing the commit interval can actually decrease performance by causing larger batches to accumulate before being processed.
- D is incorrect because disabling logging does not directly enhance performance and can make debugging more difficult.",
161,kafka-streams-questions2-q14,Kafka-Streams,Questions2,14,No,You are running a Kafka Streams application in a Docker container. The application performs a complex join operation and maintains a large state store. Which of the following would provide the greatest performance improvement when restarting the container?,Increase the heap size of the Docker container,Mount a high-performance SSD for the RocksDB directory,Increase the number of replicas for the input topics,Use a more powerful CPU for the Docker host,,,B,"**Answer:** B

**Explanation:**
In a Kafka Streams application that maintains a large state store (e.g., for a complex join operation), the bottleneck during restarts is often the time taken to restore the state store from the changelog topic. By mounting a high-performance SSD for the RocksDB directory used by Kafka Streams, the state restore process can be significantly speeded up.

- A is less effective because the heap is used for processing, but the state store is stored on disk (in RocksDB) and loaded into off-heap memory.
- C does not directly impact the state restore performance because the changelogs are already replicated.
- D can help with processing speed but does not address the state restore bottleneck.",
162,kafka-streams-questions2-q15,Kafka-Streams,Questions2,15,No,You are deploying a Kafka Streams application that joins two high-volume streams. Which of the following is LEAST likely to improve the performance of the application?,Ensuring that the two input streams have the same number of partitions,Increasing the number of standby replicas for the state store,Tuning the `cache.max.bytes.buffering` parameter,Increasing the `num.streams.threads` parameter,,,B,"**Answer:** B

**Explanation:**
Increasing the number of standby replicas for the state store in a Kafka Streams application can provide better fault tolerance by allowing faster failover to a replica if a node fails. However, it is unlikely to improve the normal operating performance of the application.

In contrast:

- A can improve performance by allowing the join to be performed more efficiently, with each partition able to be processed independently.
- C can improve performance by allowing more data to be buffered in memory before being flushed to the state store, reducing I/O overhead.
- D can improve performance by allowing more partitions to be processed concurrently, up to the number of partitions of the input topics.",
163,kafka-streams-questions2-q16,Kafka-Streams,Questions2,16,Yes,Which of the following stream processing operations can be considered stateful? (Select all that apply),Filter: Discarding messages based on a condition,Map: Transforming messages from one format to another,Aggregate: Combining multiple messages into a single result,Join: Combining messages from two different streams based on a common key,Peek: Performing an action on each message without modifying it,,"C, D","**Explanation:**
In stream processing, stateful operations are those that maintain and update a state based on the processed messages. They require the stream processor to keep track of some information over time.

1. Aggregate: Aggregation operations, such as counting, summing, or averaging values, are stateful because they need to maintain a running state of the aggregated result. The state is updated as new messages arrive, and the final result depends on the accumulated state over time.

2. Join: Join operations, especially window-based joins, are stateful because they need to maintain a state of the messages from both streams within a specified time window. The stream processor must store the messages temporarily to match and combine them based on a common key.

The other operations mentioned are generally considered stateless:

- Filter: Filtering messages based on a condition does not require maintaining any state. Each message is evaluated independently against the condition, and the decision to keep or discard the message is made solely based on the current message.

- Map: Transforming messages from one format to another is typically a stateless operation. Each message is processed independently, and the transformation logic is applied to each message without relying on any previous state.

- Peek: Performing an action on each message without modifying it, such as logging or publishing metrics, is usually stateless. The action is performed on each message independently, without maintaining any state across messages.

It's important to note that the specific implementation and requirements of a stream processing application can introduce statefulness to operations that are typically considered stateless. However, in general, aggregation and join operations are inherently stateful, while filtering, mapping, and peeking are often stateless.",
164,kafka-streams-questions2-q17,Kafka-Streams,Questions2,17,No,What is the purpose of state stores in Kafka Streams?,To persist the intermediate results and enable fault tolerance,To cache the input messages for faster processing,To store the final output of the stream processing application,To maintain the configuration of the Kafka Streams application,,,A,"**Answer:** A

**Explanation:**
In Kafka Streams, state stores play a crucial role in persisting the intermediate results and enabling fault tolerance for stateful operations.

When a Kafka Streams application performs stateful operations, such as aggregations or joins, it needs to maintain and update a state based on the processed messages. State stores provide a way to persistently store this state outside of the streaming application's memory.

The purpose of state stores is as follows:

1. Persistence: State stores allow the streaming application to persist the intermediate state to disk. This ensures that the state is not lost if the application fails or needs to be restarted. When the application restarts, it can reload the state from the state stores and resume processing from where it left off.

2. Fault Tolerance: By persisting the state, state stores enable fault tolerance in Kafka Streams applications. If a node in the Kafka Streams cluster fails, another node can take over the processing and recover the state from the state stores. This ensures that the processing can continue without losing the accumulated state.

3. Queryable State: State stores in Kafka Streams also provide the ability to query the current state of the application. This allows other applications or services to retrieve the latest computed state without needing to process the entire stream again. Queryable state is useful for serving real-time results or building interactive applications.

State stores in Kafka Streams are backed by an embedded key-value store, such as RocksDB, which provides efficient storage and retrieval of state data. Kafka Streams takes care of managing the state stores, including their creation, updates, and fault tolerance, based on the defined topology and configuration.

It's important to note that state stores are not used for caching input messages or storing the final output of the stream processing application. They are specifically designed to persist and manage the intermediate state required for stateful operations.

**Related Area:** Kafka Streams",
165,kafka-streams-questions2-q18,Kafka-Streams,Questions2,18,No,How does Kafka Streams handle state recovery in case of a failure?,By replaying all the input messages from the beginning,By restoring the state from a snapshot stored in Kafka,By rebuilding the state from the change log topic,By retrieving the state from an external database,,,C,"**Answer:** C

**Explanation:**
Kafka Streams provides built-in fault tolerance and state recovery mechanisms to handle failures and ensure the integrity of the processing state. When a failure occurs, Kafka Streams automatically recovers the state using the change log topic.

Here's how state recovery works in Kafka Streams:

1. Change Log Topic: For each state store in a Kafka Streams application, Kafka Streams creates a corresponding change log topic. The change log topic acts as a persistent log of all the state changes that occurred in the state store.

2. State Updates: Whenever the state in a state store is updated as a result of processing messages, Kafka Streams writes the state changes to the change log topic. Each record in the change log topic represents a state update and includes the key, value, and timestamp of the update.

3. Failure Recovery: If a failure occurs and a Kafka Streams application needs to recover its state, it starts by reading the change log topic from the beginning. The application replays the state changes from the change log topic to rebuild the state store. By replaying the state changes in the correct order, the application can restore its state to the latest consistent point before the failure.

4. Resuming Processing: Once the state is recovered from the change log topic, the Kafka Streams application can resume processing from the point where it left off. It continues to read input messages from the source topics and applies the processing logic to update the state and generate output.

- B. leveraging the change log topic, Kafka Streams ensures that the state can be recovered accurately and efficiently in case of failures. The change log topic acts as a durable and replicated log of state changes, providing a reliable source of truth for state recovery.

It's important to note that Kafka Streams does not rely on replaying all the input messages from the beginning or storing snapshots of the state in Kafka itself. The change log topic is specifically designed to capture and persist the state changes, enabling quick and precise state recovery.

Additionally, Kafka Streams does not rely on external databases for state storage or recovery. The state is managed internally within Kafka Streams using the embedded key-value stores and the change log topics.",
166,kafka-streams-questions2-q19,Kafka-Streams,Questions2,19,No,You have a Kafka Streams application that processes messages from an input topic with 6 partitions. The application performs a stateful aggregation using a KTable. How many local state stores will be created by default?,1,3,6,12,,,C,"**Answer:** C

**Explanation:**
In a Kafka Streams application, when you perform a stateful operation such as aggregation using a KTable, Kafka Streams creates local state stores to maintain the aggregated state for each partition of the input topic. By default, Kafka Streams creates one local state store per partition.

In this scenario, with an input topic having 6 partitions, the Kafka Streams application will create 6 local state stores by default, one for each partition.

Each local state store is associated with a specific partition and maintains the aggregated state for that partition. When a message is processed from a particular partition, the corresponding local state store is updated accordingly.

The number of local state stores created by Kafka Streams is determined by the number of partitions in the input topic and the parallelism of the Kafka Streams application. By default, Kafka Streams uses a parallelism of 1, which means it creates one stream task per partition. Each stream task is responsible for processing messages from its assigned partition and updating the corresponding local state store.

If you increase the parallelism of the Kafka Streams application, multiple stream tasks can be created to process messages from the same partition. In that case, the local state stores are shared among the tasks processing the same partition to ensure consistency.

It's worth noting that the actual number of local state stores created may be influenced by factors such as state store configuration, stream processing topology, and the specific Kafka Streams version being used.",
167,kafka-streams-questions2-q20,Kafka-Streams,Questions2,20,No,What is the main advantage of using Kafka Streams DSL over the Processor API for stream processing?,Kafka Streams DSL provides better performance compared to the Processor API,"Kafka Streams DSL offers a higher-level, declarative approach to defining stream processing logic","Kafka Streams DSL supports stateful operations, while the Processor API is limited to stateless operations",Kafka Streams DSL allows for easier integration with external systems compared to the Processor API,,,B,"**Answer:** B

**Explanation:**
The main advantage of using Kafka Streams DSL (Domain-Specific Language) over the Processor API for stream processing is that it offers a higher-level, declarative approach to defining stream processing logic.

Kafka Streams DSL provides a set of high-level operations and constructs that allow developers to express stream processing logic in a more concise and expressive manner. With the DSL, you can chain together operations like `map`, `filter`, `groupBy`, `aggregate`, and `join` to define the desired stream processing topology. The DSL abstracts away low-level details and provides a more intuitive and readable way to define the processing logic.

On the other hand, the Processor API is a lower-level API that provides more fine-grained control over the stream processing topology. With the Processor API, you need to define individual processor nodes and connect them manually to create the desired processing flow. While this provides more flexibility, it requires more code and can be more complex to implement and maintain compared to the DSL.

Both Kafka Streams DSL and the Processor API offer similar performance characteristics and support stateful operations. They also provide integration capabilities with external systems. The choice between the two depends on the specific requirements of the application and the level of control and customization needed.",
168,kafka-streams-questions3-q21,Kafka-Streams,Questions3,21,No,"When using Kafka Streams DSL, how can you perform a stateful operation on a KStream?",By using the `map` operation to modify the stream's values,By using the `filter` operation to remove unwanted records from the stream,By using the `groupByKey` operation to group the stream's records by key,By using the `mapValues` operation to transform the stream's values,,,C,"**Answer:** C

**Explanation:**
To perform a stateful operation on a KStream using Kafka Streams DSL, you need to use the `groupByKey` operation. The `groupByKey` operation groups the records of a KStream based on their keys, creating a grouped stream called KGroupedStream.

Once you have a KGroupedStream, you can apply stateful operations such as `aggregate`, `reduce`, or `count` to perform aggregations or computations on the grouped records. These stateful operations maintain and update the state for each unique key, allowing you to perform calculations or transformations that depend on the previous state.

For example, to count the occurrences of each key in a KStream, you can use the following code snippet:

+++java
KStream<String, String> textLines = ...;
KTable<String, Long> wordCounts = textLines
  .flatMapValues(value -> Arrays.asList(value.toLowerCase().split(""\\W+"")))
  .groupBy((key, word) -> word)
  .count();
+++

In this example, the `groupBy` operation groups the stream by the words extracted from the text lines, and the `count` operation counts the occurrences of each word, maintaining the state for each word.

The `map` and `mapValues` operations are used for stateless transformations of the stream's keys and values, respectively. The `filter` operation is used to remove records from the stream based on a predicate, but it does not perform any stateful computation.",
169,kafka-streams-questions3-q22,Kafka-Streams,Questions3,22,No,What is the role of the `StateStore` in Kafka Streams?,To store the intermediate results of stream processing operations,To store the configuration properties for Kafka Streams applications,To store the metadata information about the Kafka cluster,To store the consumer offsets for Kafka Streams applications,,,A,"**Answer:** A

**Explanation:**
In Kafka Streams, the `StateStore` plays a crucial role in storing and managing the state required for stateful stream processing operations. When you perform stateful operations like aggregations, joins, or windowing in Kafka Streams, the intermediate results and the state of the computation need to be stored somewhere. This is where the `StateStore` comes into the picture.

The `StateStore` is an abstraction provided by Kafka Streams that allows you to store and retrieve key-value pairs. It acts as a local database or cache that is accessible by the stream processing application. The `StateStore` is backed by a persistent storage layer, typically using RocksDB or an in-memory store, depending on the configuration.

When you perform stateful operations in Kafka Streams, the intermediate results and the state are automatically stored in the appropriate `StateStore` instances. These `StateStore` instances are managed by Kafka Streams and are fault-tolerant, meaning that they can be automatically restored in case of failures.

The `StateStore` is not used for storing configuration properties, metadata information about the Kafka cluster, or consumer offsets. It is specifically designed to store the intermediate state required for stateful stream processing operations, enabling fault-tolerant and scalable stateful processing in Kafka Streams applications.",
170,kafka-streams-questions3-q23,Kafka-Streams,Questions3,23,No,You have an e-commerce application that maintains user information. Which of the following data is best suited to be modeled as a KTable in Kafka Streams?,User clickstream data,User order history,User profile information,User session data,,,C,"**Answer:** C

**Explanation:**
In the context of an e-commerce application, user profile information is best suited to be modeled as a KTable in Kafka Streams. A KTable represents a changelog stream, where each record represents an update to the value of a key. It is suitable for storing and updating data that has a primary key and can be queried or joined with other streams or tables.

User profile information typically consists of relatively static data associated with each user, such as their name, email address, shipping address, and preferences. This data can be updated over time, but the updates are less frequent compared to other types of data like clickstream or order history.

- B. modeling user profile information as a KTable, you can efficiently store and retrieve the latest state of each user's profile. The KTable will maintain the most recent value for each user key, allowing you to query and join user profiles with other streams or tables in your application.

On the other hand:
- User clickstream data is better modeled as a KStream, as it represents a continuous flow of user actions and interactions.
- User order history is also better modeled as a KStream, as it represents a series of discrete events over time.
- User session data can be modeled as either a KStream or a windowed KTable, depending on the specific requirements and analysis needs.",
171,kafka-streams-questions3-q24,Kafka-Streams,Questions3,24,No,"In an IoT application, you have a stream of sensor readings that need to be processed in real-time. Which of the following is the most suitable way to model this data in Kafka Streams?","As a KTable, with each sensor reading as a key-value pair","As a KStream, with each sensor reading as a record","As a GlobalKTable, with each sensor reading as a key-value pair","As a windowed KTable, with each sensor reading as a key-value pair",,,B,"**Answer:** B

**Explanation:**
In an IoT application that processes sensor readings in real-time, the most suitable way to model the data in Kafka Streams is as a KStream, with each sensor reading as a record.

A KStream represents an unbounded sequence of records, where each record is an independent event. It is suitable for handling continuous, high-volume data streams that require real-time processing. In the case of sensor readings, each reading is a standalone event that needs to be processed as it arrives.

- B. modeling sensor readings as a KStream, you can perform real-time transformations, aggregations, and analysis on the incoming data. You can apply operations like filtering, mapping, and windowing to process the sensor readings and derive meaningful insights or trigger actions based on the data.

The other options are less suitable for this scenario:
- A KTable is not appropriate because sensor readings are not typically updated or queried by key. Each reading is a new event rather than an update to an existing value.
- A GlobalKTable is used for data that is relatively static and can fit entirely in memory, which is not the case for a continuous stream of sensor readings.
- A windowed KTable is used for aggregating and storing data within a specific time window, but it may not be necessary for real-time processing of individual sensor readings.

Therefore, modeling sensor readings as a KStream provides the most flexibility and efficiency for real-time processing in an IoT application.",
172,kafka-streams-questions3-q25,Kafka-Streams,Questions3,25,No,You are building a real-time analytics application that tracks user behavior on a website. Which of the following data is most appropriate to be modeled as a KStream in Kafka Streams?,User demographic information,User navigation events,User purchase history,User authentication data,,,B,"**Answer:** B

**Explanation:**
In a real-time analytics application that tracks user behavior on a website, user navigation events are most appropriate to be modeled as a KStream in Kafka Streams.

User navigation events represent the actions and interactions of users as they navigate through the website. These events occur continuously and in real-time as users click on links, visit pages, perform searches, and interact with various elements on the website. Each navigation event is a discrete, independent record that needs to be processed and analyzed as it happens.

- B. modeling user navigation events as a KStream, you can capture and process the events in real-time. You can apply operations like filtering, mapping, and aggregating to analyze user behavior, track user journeys, and derive insights from the navigation data. For example, you can count page views, identify popular paths, or detect anomalies in user behavior.

The other options are less suitable for modeling real-time user behavior:
- User demographic information is relatively static data that is better modeled as a KTable.
- User purchase history represents individual transactions and can be modeled as either a KStream or a KTable, depending on the specific analysis requirements.
- User authentication data is typically static and not directly related to real-time user behavior tracking.

Therefore, modeling user navigation events as a KStream provides the most suitable representation for real-time analysis of user behavior on a website.",
173,monitoring-metrics-questions1-q1,Monitoring-Metrics,Questions1,1,No,Which tool is commonly used to monitor Kafka cluster health and performance?,Nagios,Prometheus,Elasticsearch,Splunk,,,B,"**Answer:** B

**Explanation:**
Prometheus is widely used for monitoring Kafka cluster health and performance. It collects metrics from Kafka brokers, producers, and consumers, and stores them in a time-series database. Prometheus can be used with Grafana for visualizing these metrics.

- A, C, and D are incorrect because while Nagios, Elasticsearch, and Splunk can be used for monitoring and logging, Prometheus is more specialized for metrics collection and monitoring.",
174,monitoring-metrics-questions1-q2,Monitoring-Metrics,Questions1,2,No,What is the primary purpose of JMX in the context of Kafka monitoring?,To configure Kafka brokers,To provide real-time logging of Kafka events,To expose Kafka metrics for monitoring,To manage Kafka ACLs,,,C,"**Answer:** C

**Explanation:**
JMX (Java Management Extensions) is used to expose Kafka metrics for monitoring. Kafka brokers expose various metrics (such as broker metrics, topic metrics, and consumer group metrics) through JMX, which can be collected and monitored by tools like Prometheus.

- A is incorrect because JMX is not used for configuring Kafka brokers. B is incorrect because JMX is not primarily used for real-time logging. D is incorrect because JMX does not manage Kafka ACLs.",
175,monitoring-metrics-questions1-q3,Monitoring-Metrics,Questions1,3,No,Which Kafka metric would you monitor to detect message delivery delays in a Kafka cluster?,`MessagesInPerSec`,`RequestLatencyMs`,`UnderReplicatedPartitions`,`BytesOutPerSec`,,,B,"**Answer:** B

**Explanation:**
`RequestLatencyMs` is the Kafka metric that indicates the latency of requests. Monitoring this metric can help detect message delivery delays in a Kafka cluster.

- A, C, and D are incorrect because they measure different aspects: `MessagesInPerSec` measures the rate of messages being produced, `UnderReplicatedPartitions` indicates partition replication issues, and `BytesOutPerSec` measures the rate of bytes being consumed.",
176,monitoring-metrics-questions1-q4,Monitoring-Metrics,Questions1,4,No,Which of the following tools can be used to visualize Kafka metrics collected by Prometheus?,Kibana,Grafana,Logstash,Fluentd,,,B,"**Answer:** B

**Explanation:**
Grafana is a popular tool used to visualize metrics collected by Prometheus. It can create dashboards to monitor Kafka metrics and provide insights into cluster performance.

- A, C, and D are incorrect because while Kibana is used for visualizing data from Elasticsearch, Logstash and Fluentd are used for log processing, not for visualizing Prometheus metrics.",
177,monitoring-metrics-questions1-q5,Monitoring-Metrics,Questions1,5,No,What does the Kafka metric `UnderReplicatedPartitions` indicate?,The number of partitions without a leader,The number of partitions that have fewer replicas than specified,The number of partitions that are not receiving messages,The number of partitions with high message latency,,,B,"**Answer:** B

**Explanation:**
The `UnderReplicatedPartitions` metric indicates the number of partitions that have fewer replicas than specified in their replication factor. This metric helps identify potential data reliability issues in the Kafka cluster.

- A, C, and D are incorrect because they describe different aspects of Kafka partition health and performance.",
178,monitoring-metrics-questions1-q6,Monitoring-Metrics,Questions1,6,No,Which Kafka metric should be monitored to ensure sufficient disk space on Kafka brokers?,`LogEndOffset`,`LogSegmentCount`,`FreeStorageSpace`,`MessageRate`,,,C,"**Answer:** C

**Explanation:**
The `FreeStorageSpace` metric should be monitored to ensure that Kafka brokers have sufficient disk space. This metric helps prevent disk-related issues that can affect Kafka performance and stability.

- A, B, and D are incorrect because they measure different aspects of Kafka performance and health, not disk space availability.",
179,monitoring-metrics-questions1-q7,Monitoring-Metrics,Questions1,7,No,What is the role of Kafka Exporter in a Kafka monitoring setup?,To collect logs from Kafka brokers,To expose Kafka metrics to Prometheus,To configure Kafka broker settings,To manage Kafka consumer groups,,,B,"**Answer:** B

**Explanation:**
Kafka Exporter is used to expose Kafka metrics to Prometheus. It collects metrics from Kafka brokers and provides them in a format that Prometheus can scrape and store for monitoring purposes.

- A, C, and D are incorrect because Kafka Exporter does not collect logs, configure broker settings, or manage consumer groups.",
180,monitoring-metrics-questions1-q8,Monitoring-Metrics,Questions1,8,No,Which Kafka metric indicates the time it takes for a record to be acknowledged by all in-sync replicas?,`ReplicationLag`,`FetchLatency`,`ProducerLatency`,`ISRTime`,,,A,"**Answer:** A

**Explanation:**
`ReplicationLag` indicates the time it takes for a record to be acknowledged by all in-sync replicas. Monitoring this metric helps ensure data consistency and reliability within the Kafka cluster.

- B, C, and D are incorrect because they describe different latency measurements related to fetching, producing, and in-sync replica time.",
181,monitoring-metrics-questions1-q9,Monitoring-Metrics,Questions1,9,No,Why is it important to monitor the `RequestRate` metric in Kafka?,To measure the number of messages being produced,To measure the number of bytes being consumed,To measure the rate of requests being handled by Kafka brokers,To measure the number of partitions,,,C,"**Answer:** C

**Explanation:**
Monitoring the `RequestRate` metric is important because it measures the rate of requests being handled by Kafka brokers. High request rates can indicate high load on the brokers, which may affect their performance.

- A, B, and D are incorrect because they describe different aspects of Kafka performance and health.",
182,monitoring-metrics-questions1-q10,Monitoring-Metrics,Questions1,10,No,What does the Kafka metric `ConsumerLag` indicate?,The number of messages a consumer has consumed,The number of messages a consumer is behind in processing,The time a consumer takes to process a message,The number of partitions a consumer is subscribed to,,,B,"**Answer:** B

**Explanation:**
The `ConsumerLag` metric indicates the number of messages a consumer is behind in processing. It is a crucial metric for ensuring that consumers are keeping up with the message production rate and not falling behind.

- A, C, and D are incorrect because they describe different aspects of consumer performance and subscriptions.",
183,monitoring-metrics-questions2-q11,Monitoring-Metrics,Questions2,11,No,Which Kafka metric would you monitor to identify potential leader election issues?,`LeaderElectionRateAndTimeMs`,`RequestRate`,`MessageInPerSec`,`ISRTime`,,,A,"**Explanation:**

`LeaderElectionRateAndTimeMs` is the Kafka metric that indicates the rate and time taken for leader elections. Monitoring this metric can help identify potential issues with leader election processes within the Kafka cluster.

- B, C, and D are incorrect because they do not specifically measure leader election-related metrics.

**Answer:** A",
184,monitoring-metrics-questions2-q12,Monitoring-Metrics,Questions2,12,No,What is the purpose of the `ActiveControllerCount` metric in Kafka?,To count the number of active consumers,To indicate the number of active brokers,To show the number of active controller nodes,To measure the rate of message production,,,C,"**Explanation:**

The `ActiveControllerCount` metric indicates the number of active controller nodes in a Kafka cluster. There should be exactly one active controller in a healthy Kafka cluster.

- A, B, and D are incorrect because they measure different aspects of Kafka performance and health.

**Answer:** C",
185,monitoring-metrics-questions2-q13,Monitoring-Metrics,Questions2,13,No,Which Kafka metric helps in monitoring the health of consumer groups?,`ConsumerLag`,`ProducerRequestRate`,`BrokerTopicBytesOutPerSec`,`FetchLatency`,,,A,"**Explanation:**

The `ConsumerLag` metric helps in monitoring the health of consumer groups by indicating how far behind a consumer group is in processing messages. This metric is crucial for ensuring timely message consumption.

- B, C, and D are incorrect because they measure different aspects of Kafka performance and health.

**Answer:** A",
186,monitoring-metrics-questions2-q14,Monitoring-Metrics,Questions2,14,No,Which tool can be used to collect JMX metrics from Kafka brokers for monitoring?,Logstash,JConsole,Metricbeat,Telegraf,,,D,"**Explanation:**

Telegraf is a tool that can be used to collect JMX metrics from Kafka brokers for monitoring. It has a JMX plugin that can be configured to scrape metrics and forward them to a monitoring system like InfluxDB or Prometheus.

- A, B, and C are incorrect because while Logstash and Metricbeat can be used for other monitoring tasks, JConsole is typically used for viewing JMX metrics interactively, not for automated metric collection.

**Answer:** D",
187,monitoring-metrics-questions2-q15,Monitoring-Metrics,Questions2,15,No,What does the `BrokerTopicBytesOutPerSec` metric measure in Kafka?,The number of bytes produced to a topic per second,The number of bytes consumed from a topic per second,The number of bytes replicated per second,The number of bytes stored in a topic,,,B,"**Explanation:**

The `BrokerTopicBytesOutPerSec` metric measures the number of bytes consumed from a topic per second. It provides insights into the data throughput on the consumer side.

- A, C, and D are incorrect because they describe different aspects of data flow and storage in Kafka.

**Answer:** B",
188,monitoring-metrics-questions2-q16,Monitoring-Metrics,Questions2,16,No,Which metric should be monitored to detect partition imbalance in a Kafka cluster?,`PartitionCount`,`LeaderCount`,`UnderReplicatedPartitions`,`PartitionLoad`,,,D,"**Explanation:**

`PartitionLoad` is the metric that should be monitored to detect partition imbalance in a Kafka cluster. It indicates how partitions are distributed and can help identify if some brokers are handling significantly more partitions than others.

- A, B, and C are incorrect because while they measure various aspects of partition and leader count, they do not directly address partition load balance.

**Answer:** D",
189,monitoring-metrics-questions2-q17,Monitoring-Metrics,Questions2,17,No,Which Kafka metric indicates the rate of log flush operations?,`LogFlushRateAndTimeMs`,`DiskFlushRate`,`LogRetentionRate`,`FlushTime`,,,A,"**Explanation:**

`LogFlushRateAndTimeMs` is the Kafka metric that indicates the rate and time of log flush operations. This metric helps monitor how often logs are being flushed to disk, which is critical for data durability and performance.

- B, C, and D are incorrect because they either do not exist or measure different aspects of Kafka performance.

**Answer:** A",
190,monitoring-metrics-questions2-q18,Monitoring-Metrics,Questions2,18,No,What is the significance of the `RequestQueueSize` metric in Kafka?,It measures the number of requests waiting to be processed by Kafka brokers.,It indicates the number of active consumer requests.,It shows the total number of requests handled by Kafka brokers.,It measures the size of the message queue in bytes.,,,A,"**Explanation:**

The `RequestQueueSize` metric measures the number of requests waiting to be processed by Kafka brokers. A high value may indicate that brokers are overloaded and unable to process requests in a timely manner.

- B, C, and D are incorrect because they measure different aspects of request handling and message queuing.

**Answer:** A",
191,monitoring-metrics-questions2-q19,Monitoring-Metrics,Questions2,19,No,Which Kafka metric would you monitor to understand the latency experienced by producers?,`ProducerRequestRate`,`ProducerLatency`,`RequestQueueSize`,`ProducerRequestQueueTimeMs`,,,D,"**Explanation:**

`ProducerRequestQueueTimeMs` is the Kafka metric that measures the latency experienced by producers in the request queue. Monitoring this metric helps understand the delay producers face before their requests are processed by the broker.

- A, B, and C are incorrect because they measure different aspects of producer requests and performance.

**Answer:** D",
192,monitoring-metrics-questions2-q20,Monitoring-Metrics,Questions2,20,No,Which metric is critical for monitoring Kafka broker heap memory usage?,`BrokerHeapMemoryUsed`,`JvmMemoryUsage`,`HeapMemoryUsage`,`BrokerJvmHeap`,,,B,"**Explanation:**

`JvmMemoryUsage` is the critical metric for monitoring Kafka broker heap memory usage. It provides insights into how much heap memory is used by the JVM, which is essential for identifying potential memory-related issues.

- A and D are incorrect as they are not standard Kafka metrics. C is also not the specific metric name used in Kafka monitoring tools.

**Answer:** B",
193,monitoring-metrics-questions3-q21,Monitoring-Metrics,Questions3,21,No,How can the `client.id` setting be useful in monitoring and troubleshooting Kafka clients?,It allows setting different configuration parameters for each client,It enables tracking and correlating client activity in logs and metrics,It determines the partitioning strategy used by the client,It specifies the maximum number of connections the client can establish,,,B,"**Explanation:**

The `client.id` setting can be useful in monitoring and troubleshooting Kafka clients by enabling tracking and correlating client activity in logs and metrics. When the `client.id` is set to a unique value for each client, it becomes easier to identify and trace the behavior of individual clients within a Kafka cluster. Kafka brokers include the `client.id` in the metadata of requests received from the clients, allowing you to associate specific requests and activities with particular clients. This information is valuable for debugging and performance analysis. By examining the logs and metrics with the `client.id`, you can isolate issues, track message flow, and understand the behavior of specific clients, facilitating effective troubleshooting and monitoring.

**Answer:** B",
194,producer-questions1-q1,Producer,Questions1,1,No,What happens when you set `max.in.flight.requests.per.connection` to a value greater than 1 in a Kafka producer?,It increases the throughput of the producer,It increases the latency of the producer,It can lead to out-of-order delivery of messages,It has no effect on the producer's behavior,,,C,"**Answer:** C

**Explanation:**
Setting `max.in.flight.requests.per.connection` to a value greater than 1 in a Kafka producer allows multiple requests to be sent to the broker in parallel, without waiting for the previous requests to be acknowledged. While this can improve throughput, it also means that if a request fails and needs to be retried, the subsequent requests may have already been processed, leading to out-of-order delivery.

- A is incorrect because while it can improve throughput, it's not the only effect.
- B is incorrect. In fact, it can potentially decrease latency by allowing more requests in flight.
- D is incorrect because it does have a significant effect on the producer's behavior.",
195,producer-questions1-q2,Producer,Questions1,2,No,What is the effect of setting `acks=0` in a Kafka producer?,The producer will wait for the broker to acknowledge the message before sending the next one,The producer will wait for the leader and all replicas to acknowledge the message,The producer will not wait for any acknowledgement from the broker,The producer will throw an exception if the broker does not acknowledge the message,,,C,"**Answer:** C

**Explanation:**
When `acks` is set to 0 in a Kafka producer, the producer will not wait for any acknowledgement from the broker before considering the send operation successful. This means the producer will fire and forget the message, providing no guarantees about whether the broker has received it.

- A and B are incorrect because they describe the behaviors of `acks=1` and `acks=all` respectively.
- D is incorrect because no exception is thrown in this case. The producer simply continues sending messages without waiting for acknowledgement.",
196,producer-questions1-q3,Producer,Questions1,3,No,What is the relationship between `request.timeout.ms` and `delivery.timeout.ms` in a Kafka producer?,`request.timeout.ms` should always be greater than `delivery.timeout.ms`,`delivery.timeout.ms` should always be greater than `request.timeout.ms`,They should always be set to the same value,They are independent and can be set to any value,,,B,"**Answer:** B

**Explanation:**
In a Kafka producer, `request.timeout.ms` configures the maximum amount of time the client will wait for a response from the server when sending a request, while `delivery.timeout.ms` sets an upper bound on the time to report success or failure to the application after a call to `send()`.

If `delivery.timeout.ms` is smaller than `request.timeout.ms`, the client can time out and report a failure to the application before the request timeout even occurs. Therefore, `delivery.timeout.ms` should always be greater than `request.timeout.ms` to allow the full request timeout to elapse before reporting a timeout failure to the application.

- A is incorrect because it's the other way around.
- C is incorrect because they serve different purposes and can have different values.
- D is incorrect because there is a recommended relationship between the two settings.",
197,producer-questions1-q4,Producer,Questions1,4,Yes,A Kafka producer application needs to send messages to a topic. The messages do not require any particular order. Which of the following properties are mandatory in the producer configuration? (Select two),`compression.type`,`partitioner.class`,`bootstrap.servers`,`key.serializer`,`value.serializer`,`client.id`,"C, E","**Answer:** C, E

**Explanation:**
For a Kafka producer application to function, it must know how to connect to the Kafka cluster and how to serialize the message values. Therefore, the mandatory properties are:

- `bootstrap.servers`: This specifies the list of Kafka brokers the producer should contact to bootstrap initial cluster metadata.
- `value.serializer`: This specifies the serializer class for message values.

The other options are not strictly mandatory:

- A: `compression.type` is optional. If not set, the producer will send uncompressed messages.
- B: `partitioner.class` is optional. If not set, the default partitioner will be used, which is sufficient for messages that don't require a particular order.
- D: `key.serializer` is only required if the messages have keys. It's not mandatory if the messages don't have keys.
- F: `client.id` is optional. It's used to identify the producer application, but the producer will work without it.",
198,producer-questions1-q5,Producer,Questions1,5,No,What is the purpose of setting `compression.type` in a Kafka producer configuration?,To specify the compression algorithm used when sending data to Kafka,To specify the compression algorithm used when storing data on Kafka brokers,To enable or disable compression for the producer,To set the compression level for the producer,,,A,"**Answer:** A

**Explanation:**
The `compression.type` setting in a Kafka producer configuration is used to specify the compression algorithm that the producer will use when sending data to Kafka. The available options are:

- `none`: No compression (default)
- `gzip`: GZIP compression
- `snappy`: Snappy compression
- `lz4`: LZ4 compression
- `zstd`: ZStandard compression

The compression is applied by the producer before sending the data, and the broker will store the compressed data as is. The consumer will decompress the data when it receives it.

- B is incorrect because the broker does not perform compression, it just stores what it receives.
- C is incorrect because `compression.type` does not enable/disable compression, it specifies the algorithm. Compression is enabled by default if an algorithm is specified.
- D is incorrect because `compression.type` sets the algorithm, not the compression level. Some compression types (like `zstd`) have separate settings for compression level.",
199,producer-questions1-q6,Producer,Questions1,6,No,What is the effect of enabling compression on the producer side in Kafka?,Reduced producer memory usage,Increased consumer CPU usage,Reduced network bandwidth usage,Increased end-to-end latency,,,C,"**Answer:** C

**Explanation:**
Enabling compression on the producer side in Kafka can significantly reduce the amount of network bandwidth used when sending data from the producer to the Kafka brokers. The compressed data takes up less space on the wire, thus reducing network I/O.

However, there are trade-offs:

- A is incorrect because compression actually increases memory usage on the producer side, as the data needs to be held in memory during the compression process.
- B is correct because the consumer will need to use CPU cycles to decompress the data when it receives it.
- D is correct because compression and decompression add some processing time, slightly increasing the end-to-end latency.

So enabling producer compression is a trade-off between network bandwidth and CPU/memory usage. It's most beneficial when network bandwidth is the bottleneck.",
200,producer-questions1-q7,Producer,Questions1,7,No,What is the relationship between `batch.size` and `linger.ms` in the Kafka producer configuration?,They are mutually exclusive settings,`linger.ms` is only relevant if `batch.size` is set to 0,`batch.size` is only relevant if `linger.ms` is set to 0,They work together to control when a batch is considered ready to send,,,D,"**Answer:** D

**Explanation:**
In the Kafka producer, `batch.size` and `linger.ms` work together to control when a batch of messages is considered ready to send to the broker:

- `batch.size` sets the maximum amount of data that will be included in a single batch.
- `linger.ms` sets the maximum amount of time a batch will wait before being sent to the broker.

A batch will be sent when either `batch.size` is reached or `linger.ms` has passed, whichever comes first.

- A is incorrect because the settings are not mutually exclusive, they work together.
- B and C are incorrect because both settings are always relevant, regardless of the value of the other setting. If `batch.size` is 0, batching is effectively disabled. If `linger.ms` is 0, the producer will not wait at all and will send batches as soon as they are ready.

Tuning these settings can have a significant impact on producer performance and throughput.",
201,producer-questions1-q8,Producer,Questions1,8,No,What is the effect of increasing `batch.size` in a Kafka producer configuration?,It increases the maximum size of each individual message,It increases the maximum number of messages that can be sent in a single request,It increases the maximum time a batch will wait before being sent,It increases the maximum amount of memory the producer will use for buffering,,,B,"**Answer:** B

**Explanation:**
In a Kafka producer, the `batch.size` setting controls the maximum number of bytes that will be sent in a single request to the broker. By increasing `batch.size`, you allow the producer to pack more messages into each request, which can improve throughput by reducing the overhead of making many smaller requests.

However, there are trade-offs to consider:

- A larger `batch.size` means the producer will buffer more data in memory before sending, which can increase memory usage (D).
- A larger `batch.size` can also increase the latency of message sends, as the producer may wait longer for a batch to fill up before sending.

It's important to note that `batch.size` does not affect the size of individual messages (A), only how many messages can be batched together in a single request. The maximum individual message size is controlled by a separate `max.request.size` setting.

Also, `batch.size` does not directly control the time a batch will wait (C). That is controlled by the `linger.ms` setting.",
202,producer-questions1-q9,Producer,Questions1,9,No,What is the relationship between `linger.ms` and `request.timeout.ms` in the Kafka producer configuration?,They are redundant settings that control the same thing,`linger.ms` should always be set higher than `request.timeout.ms`,`request.timeout.ms` should always be set higher than `linger.ms`,They control independent aspects of the producer behavior,,,C,"**Answer:** C

**Explanation:**
While `linger.ms` and `request.timeout.ms` both relate to the timing of when the Kafka producer sends data, they control different aspects and their values should be coordinated:

- `linger.ms` controls the maximum amount of time a batch will wait before being sent to the broker. A higher value can increase batching and thus throughput, at the cost of some latency.
- `request.timeout.ms` controls the maximum amount of time the producer will wait for a response from the broker before considering the request failed.

It's important that `request.timeout.ms` is set higher than `linger.ms`. If `request.timeout.ms` is lower, the producer might timeout a request before the `linger.ms` period is over, leading to failed sends and potential data loss.

A good rule of thumb is to set `request.timeout.ms` to be at least a few seconds higher than `linger.ms`, to account for potential network or broker latencies on top of the expected linger time.

- A is incorrect because the settings control different things.
- B is incorrect because it's the other way around.
- D is incorrect because while the settings do control independent things, their values should be coordinated.",
203,producer-questions1-q10,Producer,Questions1,10,No,What happens if `linger.ms` is set to 0 in the Kafka producer configuration?,The producer will never send any messages,The producer will wait indefinitely for each batch to fill up before sending,"The producer will send each message as soon as it is received, without batching",The producer will use the default linger time,,,C,"**Answer:** C

**Explanation:**
Setting `linger.ms` to 0 in the Kafka producer configuration means that the producer will not wait at all before sending a batch of messages. In effect, this disables batching: each message will be sent to the broker as soon as it is received by the producer.

This can be useful in scenarios where minimizing latency is more important than maximizing throughput. With `linger.ms=0`, each message is sent immediately, minimizing the time between when a message is produced and when it is available to be consumed.

However, disabling batching can significantly reduce throughput, as the producer will make many more requests to the broker, each carrying fewer messages. This increases the overhead of the request-response cycle.

In most cases, it's recommended to set `linger.ms` to a small but non-zero value, like 5-100ms, to strike a balance between latency and throughput.

- A is incorrect because a linger time of 0 does not prevent the producer from sending messages, it just sends them immediately.
- B is incorrect because a linger time of 0 means the producer won't wait at all, not that it will wait indefinitely.
- D is incorrect because 0 is a valid setting for `linger.ms`, not a signal to use the default.",
204,producer-questions2-q11,Producer,Questions2,11,No,"In the Kafka producer API, what is the purpose of the `acks` configuration parameter?",To specify the number of acknowledgments the producer requires the leader to have received before considering a request complete,To specify the number of replicas that must acknowledge a write for the write to be considered successful,To specify the number of times the producer will retry a failed request,To specify the number of partitions a topic must have for the producer to send messages to it,,,A,"**Answer:** A

**Explanation:**
The `acks` parameter in the Kafka producer API controls the durability of writes from the producer to the Kafka broker. It specifies the number of acknowledgments the producer requires the leader to have received before considering a request complete.

The valid values for `acks` are:

- 0: The producer will not wait for any acknowledgment from the server at all. The message will be immediately added to the socket buffer and considered sent.
- 1: The leader will write the record to its local log and respond without awaiting full acknowledgement from all followers. 
- all: The leader will wait for the full set of in-sync replicas to acknowledge the record before responding to the producer.

The higher the `acks` value, the stronger the durability guarantee, but also the slower the write performance. 

- B is incorrect because `acks` is about acknowledgments from the leader, not the number of replicas that must acknowledge.
- C is incorrect because `acks` is not related to the number of retries.
- D is incorrect because `acks` is not related to the number of partitions in a topic.",
205,producer-questions2-q12,Producer,Questions2,12,No,How does the `min.insync.replicas` broker configuration interact with the `acks` producer configuration?,They are completely independent settings,`acks` must always be set to `all` for `min.insync.replicas` to have any effect,`min.insync.replicas` is only relevant if `acks` is set to `1` or `all`,"If `acks` is set to `all`, writes will only succeed if the number of in-sync replicas is at least `min.insync.replicas`",,,D,"**Answer:** D

**Explanation:**
The `min.insync.replicas` broker configuration and the `acks` producer configuration work together to control the durability of writes in Kafka:

- `min.insync.replicas` specifies the minimum number of replicas that must acknowledge a write for the write to be considered successful.
- `acks` specifies the number of acknowledgments the producer requires the leader to have received before considering a request complete.

When `acks` is set to `all`, the leader will wait for the full set of in-sync replicas to acknowledge the write before responding to the producer. However, if the number of in-sync replicas is less than `min.insync.replicas`, the write will fail even if `acks=all`. 

This ensures that a minimum number of replicas have the data, providing a stronger durability guarantee.

- A is incorrect because the settings are not independent, they interact.
- B is incorrect because `min.insync.replicas` can have an effect even if `acks` is not `all`.
- C is incorrect because `min.insync.replicas` is not directly relevant to `acks=1`, only to `acks=all`.",
206,producer-questions2-q13,Producer,Questions2,13,No,"What happens if a Kafka producer sends a message with `acks=all` to a topic partition with 3 replicas, but only 2 replicas are currently in-sync?",The write will succeed and the producer will receive an acknowledgment,The write will succeed but the producer will not receive an acknowledgment,The write will be queued until the third replica comes back in-sync,The write will fail and the producer will receive an error,,,D,"**Answer:** D

**Explanation:**
In this scenario, the producer is configured with `acks=all`, meaning it requires an acknowledgment from all in-sync replicas before considering a write successful. The topic partition has 3 replicas configured, but only 2 are currently in-sync.

When the producer sends a message to this partition, the leader will attempt to replicate the write to all in-sync replicas. However, since the number of in-sync replicas (2) is less than the total number of replicas (3), the leader will not receive acknowledgments from all replicas.

- A. a result, the write will fail and the producer will receive an error (a `NotEnoughReplicasException`). The message will not be written to the Kafka log.

This behavior protects against data loss by ensuring that writes are only considered successful if they have been durably written to the full set of in-sync replicas.

- A and B are incorrect because the write will not succeed in this scenario.
- C is incorrect because the write will not be queued, it will fail immediately.",
207,producer-questions2-q14,Producer,Questions2,14,Yes,Can a producer configured with `acks=all` and `retries=Integer.MAX_VALUE` ever experience data loss?,"No, this configuration guarantees no data loss under all circumstances","Yes, if the total number of replicas for a partition drops below `min.insync.replicas`","Yes, if `unclean.leader.election.enable=true` and all in-sync replicas fail","Yes, if the producer crashes after the broker acknowledges the write but before the producer records the acknowledgment",,,"B, C, D","**Answer:** B, C, D

**Explanation:**
While a producer configured with `acks=all` and `retries=Integer.MAX_VALUE` provides a very strong durability guarantee, there are still some edge cases where data loss can occur:

1. If the number of in-sync replicas for a partition drops below `min.insync.replicas`, the broker will start rejecting writes to that partition. If this happens, and the producer exhausts its retries, the write will fail and the data will be lost. This can happen if replicas crash or become unavailable.

2. If `unclean.leader.election.enable=true` and all in-sync replicas for a partition fail, an out-of-sync replica can be elected as the new leader. This replica may be missing some of the latest messages, causing data loss.

3. If the producer crashes (or loses connectivity) after the broker acknowledges a write but before the producer records the acknowledgment, the producer will treat the write as failed and may retry it. This can lead to duplicate messages, but from the perspective of the crashed producer instance, the original message is lost.

So while `acks=all` and `retries=Integer.MAX_VALUE` provide a very strong durability guarantee, they cannot completely eliminate the possibility of data loss in all failure scenarios.

- A is incorrect because, as explained above, there are edge cases where data loss can still occur even with this configuration.",
208,producer-questions2-q15,Producer,Questions2,15,No,You want to produce messages to a Kafka topic using a Java client. Which of the following is NOT a required configuration for the producer?,`bootstrap.servers`,`key.serializer`,`value.serializer`,`partitioner.class`,,,D,"**Answer:** D

**Explanation:**
When creating a Kafka producer in Java, there are several required configurations:

- `bootstrap.servers`: This specifies the list of broker addresses the producer should contact to bootstrap initial cluster metadata. It is required for the producer to know where to send requests.
- `key.serializer`: This specifies the serializer class for keys. It is required because Kafka needs to know how to serialize the key object to bytes.
- `value.serializer`: This specifies the serializer class for values. It is required because Kafka needs to know how to serialize the value object to bytes.

The `partitioner.class` configuration is optional. It specifies the partitioner class that should be used to determine which partition to send each message to. If not specified, the default partitioner will be used, which is sufficient for most use cases.",
209,producer-questions2-q16,Producer,Questions2,16,No,Which of the following is true about the relationship between producers and consumers in Kafka?,Producers and consumers must use the same serialization format,Producers and consumers must be written in the same programming language,Producers and consumers are decoupled by the Kafka topic,Producers must know about the consumers to send messages to them,,,C,"**Answer:** C

**Explanation:**
One of the key design principles of Kafka is the decoupling of producers and consumers:

- Producers write messages to a Kafka topic, without needing to know about the consumers that will read those messages.
- Consumers read messages from a Kafka topic, without needing to know about the producers that wrote those messages.

This decoupling is achieved through the Kafka topic, which acts as a buffer between producers and consumers. Producers write to the topic and consumers read from the topic, but they don't need to be aware of each other.

This decoupling allows for several benefits:

- Producers and consumers can be scaled independently, as they are not directly dependent on each other.
- Producers and consumers can be written in different programming languages and use different serialization formats, as long as they agree on the data format of the messages in the topic.
- New consumers can be added to read from the topic without affecting the producers.

Therefore, statements A, B, and D are incorrect. Producers and consumers do not need to use the same serialization format, be written in the same language, or know about each other. They are decoupled by the Kafka topic.",
210,producer-questions2-q17,Producer,Questions2,17,No,What happens if a Kafka producer sends a message to a topic partition and does not receive an acknowledgment from the broker?,The producer will consider the message as successfully sent,The producer will wait indefinitely for the acknowledgment,The producer will retry sending the message based on its retry configuration,The producer will immediately send the next message in the queue,,,C,"**Answer:** C

**Explanation:**
When a Kafka producer sends a message, it waits for an acknowledgment from the broker before considering the send operation complete. If the acknowledgment is not received within the configured `request.timeout.ms`, the send operation is considered failed.

In case of a failure, the producer's behavior depends on its `retries` configuration:

- If `retries` is set to 0, the producer will not retry the send operation. It will consider the message as failed and will either throw an exception or invoke the callback function with an error, depending on how the send operation was invoked.
- If `retries` is set to a value greater than 0, the producer will retry sending the message up to the specified number of times. It will wait for `retry.backoff.ms` before each retry attempt.

If the producer exhausts all retry attempts without receiving an acknowledgment, it will consider the message as failed.

Therefore, statement C is correct. The producer will retry sending the message based on its retry configuration.

- A is incorrect because the producer will not consider the message as successfully sent until it receives an acknowledgment.
- B is incorrect because the producer will not wait indefinitely. It will timeout after `request.timeout.ms`.
- D is incorrect because the producer will not immediately send the next message. It will attempt to retry the failed message first.",
211,producer-questions2-q18,Producer,Questions2,18,No,What is the purpose of the `acks` parameter in Kafka producer configuration?,To specify the number of partitions the producer should write to,To specify the number of replicas that must acknowledge a write for it to be considered successful,To specify the number of times the producer should retry sending a message,To specify the maximum size of a batch of messages,,,B,"**Answer:** B

**Explanation:**
The `acks` parameter in Kafka producer configuration is used to specify the number of acknowledgments the producer requires the leader to have received before considering a write request complete. It controls the durability and reliability of message writes.

The `acks` parameter can have the following values:

- `0`: The producer does not wait for any acknowledgment from the server. The message is considered sent as soon as it is written to the network. This provides the lowest latency but also the lowest durability guarantee.
- `1`: The leader writes the message to its local log and responds without waiting for acknowledgment from the followers. This provides better durability than `acks=0` but still has the risk of message loss if the leader fails before the followers have replicated the message.
- `all` or `-1`: The leader waits for the full set of in-sync replicas (ISR) to acknowledge the message before responding to the producer. This provides the highest level of durability and ensures that the message is committed by all in-sync replicas before the write is considered successful.

- B. setting `acks` to `all`, you can ensure that a write is considered successful only when it has been acknowledged by all in-sync replicas, providing the highest level of durability. However, this also introduces additional latency as the producer waits for all acknowledgments.

The choice of the `acks` value depends on the specific requirements of your application regarding durability, latency, and throughput.",
212,producer-questions2-q19,Producer,Questions2,19,No,What happens if the `acks` parameter is set to `all` and the minimum in-sync replicas (`min.insync.replicas`) setting is not satisfied?,The producer will retry sending the message until the `min.insync.replicas` requirement is met,"The producer will write the message successfully, ignoring the `min.insync.replicas` setting",The producer will receive an error indicating that the `min.insync.replicas` requirement is not met,The producer will wait indefinitely until the `min.insync.replicas` requirement is met,,,C,"**Answer:** C

**Explanation:**
When the `acks` parameter is set to `all` in the Kafka producer configuration, the producer requires acknowledgment from all in-sync replicas (ISR) before considering a write successful. The `min.insync.replicas` setting specifies the minimum number of replicas that must be in-sync for a partition to accept writes.

If the `min.insync.replicas` requirement is not met, meaning there are fewer in-sync replicas than the specified minimum, the producer will receive an error indicating that the write cannot be completed successfully. The error typically indicates that the number of in-sync replicas is insufficient.

In this case, the producer will not retry sending the message automatically. It is the responsibility of the application to handle the error and decide on the appropriate action, such as retrying the write, logging an error, or taking alternative measures.

Setting `min.insync.replicas` to a value greater than 1 in combination with `acks=all` ensures that writes are only considered successful if a minimum number of replicas have acknowledged the message. This provides additional durability guarantees by preventing writes from succeeding if the specified number of replicas is not available.

It's important to note that setting `min.insync.replicas` too high can impact the availability of the system, as writes will fail if the required number of replicas is not available. It's recommended to find a balance between durability and availability based on the specific requirements of your application.",
213,producer-questions2-q20,Producer,Questions2,20,No,What is the relationship between the `acks` parameter and the `request.required.acks` parameter in Kafka?,"They are the same parameter, just with different names","`acks` is used in the producer configuration, while `request.required.acks` is used in the consumer configuration","`acks` is used in the new producer API, while `request.required.acks` is used in the old producer API",They are completely unrelated parameters,,,C,"**Answer:** C

**Explanation:**
The `acks` parameter and the `request.required.acks` parameter in Kafka are related to the acknowledgment mechanism for producer writes, but they are used in different versions of the producer API.

In the new producer API (introduced in Kafka 0.8.2 and later), the `acks` parameter is used to specify the number of acknowledgments the producer requires the leader to have received before considering a write request complete. It is part of the producer configuration.

On the other hand, `request.required.acks` is a parameter used in the old producer API (prior to Kafka 0.8.2). It serves a similar purpose as `acks` but with a slightly different syntax and behavior.

The `request.required.acks` parameter can have the following values:

- `0`: The producer does not wait for any acknowledgment from the server.
- `1`: The leader writes the message to its local log and responds without waiting for acknowledgment from the followers.
- `-1`: The leader waits for the full set of in-sync replicas (ISR) to acknowledge the message before responding to the producer.

In the old producer API, `request.required.acks` is used in the producer configuration to specify the acknowledgment level.

It's important to note that the old producer API and the `request.required.acks` parameter are deprecated and have been replaced by the new producer API and the `acks` parameter. It is recommended to use the new producer API and the `acks` parameter in Kafka versions 0.8.2 and later.

When migrating from the old producer API to the new producer API, you should replace `request.required.acks` with the equivalent `acks` configuration.",
214,producer-questions3-q21,Producer,Questions3,21,No,How does Kafka's zero-copy optimization handle data transformation or modification?,It automatically applies data transformations during the zero-copy process.,It allows custom data transformations to be plugged into the zero-copy mechanism.,It does not support data transformations and sends data as-is.,It performs data transformations after the data is copied into the application's memory.,,,C,"**Answer:** C

**Explanation:**
Kafka's zero-copy optimization is designed to efficiently transfer data between the producer and consumer without any data transformation or modification. When using zero-copy, Kafka sends the data as-is, exactly as it was received from the producer, without applying any transformations.

Here's how Kafka handles data transformation with zero-copy:

1. Producer-side serialization:
   - Before sending data to Kafka, the producer application serializes the data into a format suitable for transmission, such as byte arrays or specific serialization formats like Avro or Protobuf.
   - The producer is responsible for any necessary data transformations or modifications before serialization.

2. Zero-copy data transfer:
   - When the producer sends the serialized data to Kafka, Kafka uses zero-copy optimization to transfer the data directly from the file system cache to the network buffer.
   - During this zero-copy process, Kafka does not perform any data transformations or modifications.
   - The data is sent as-is, exactly as it was received from the producer.

3. Consumer-side deserialization:
   - When the consumer receives the data from Kafka, it needs to deserialize the data from the network format back into the application's format.
   - The consumer is responsible for any necessary data transformations or modifications after deserialization.

Kafka's zero-copy optimization focuses on efficient data transfer and does not include built-in mechanisms for data transformation (option A). It also does not provide a pluggable framework for custom data transformations during the zero-copy process (option B).

If data transformations are required, they should be performed by the producer before sending the data to Kafka and by the consumer after receiving the data from Kafka (option D). This allows the zero-copy optimization to work efficiently by transferring data as-is, without any modifications.",
215,producer-questions3-q22,Producer,Questions3,22,No,What is the purpose of the `linger.ms` setting in the Kafka producer configuration?,To specify the maximum time to wait for a response from the Kafka broker,To specify the maximum time to wait before sending a batch of messages,To specify the maximum time to wait for a message to be acknowledged by the Kafka broker,To specify the maximum time to wait for a message to be written to the Kafka topic,,,B,"**Explanation:**
The `linger.ms` setting in the Kafka producer configuration is used to specify the maximum time to wait before sending a batch of messages. By default, the Kafka producer sends messages as soon as they are available. However, setting `linger.ms` to a non-zero value allows the producer to wait for a short period of time to accumulate more messages into a batch before sending them to the Kafka broker. This can help improve throughput by reducing the number of requests sent to the broker.

**Answer:** B",
216,producer-questions3-q23,Producer,Questions3,23,No,How does the `batch.size` setting affect the behavior of the Kafka producer?,It specifies the maximum number of messages that can be sent in a single batch,It specifies the maximum size (in bytes) of a batch of messages,It specifies the minimum number of messages required to form a batch,It specifies the minimum size (in bytes) of a message to be included in a batch,,,B,"**Explanation:**
The `batch.size` setting in the Kafka producer configuration specifies the maximum size (in bytes) of a batch of messages. When the producer has accumulated messages up to the specified batch size or the `linger.ms` time has elapsed, it sends the batch of messages to the Kafka broker. Increasing the `batch.size` allows the producer to accumulate more messages into a single batch, potentially improving throughput. However, it also increases the memory usage of the producer and may introduce additional latency.

**Answer:** B",
217,producer-questions3-q24,Producer,Questions3,24,No,What happens if the Kafka producer exhausts its buffer memory while sending messages?,The producer will block and wait until buffer memory becomes available,The producer will start discarding the oldest messages to free up buffer memory,The producer will start discarding the newest messages to free up buffer memory,The producer will throw an exception and stop sending messages,,,A,"**Explanation:**
If the Kafka producer exhausts its buffer memory while sending messages, it will block and wait until buffer memory becomes available. The producer maintains a buffer of messages waiting to be sent to the Kafka broker. If the rate of message production exceeds the rate at which the producer can send messages to the broker, the buffer will start filling up. Once the buffer is full, the producer will block and wait until some buffer memory becomes available. This behavior helps prevent message loss by ensuring that the producer does not discard messages when the buffer is full. However, it can also introduce latency if the producer remains blocked for an extended period.

**Answer:** A",
218,producer-questions3-q25,Producer,Questions3,25,No,What is the default value for the `acks` parameter in the Kafka producer configuration?,0,1,all,none,,,B,"**Explanation:**
The default value for the `acks` parameter in the Kafka producer configuration is ""1"". This means that by default, the producer will wait for the leader replica to acknowledge the write before considering the write successful. With `acks=1`, the producer will receive an acknowledgment as soon as the leader replica has written the message to its local log. This provides a balance between durability and performance, as the producer does not wait for the message to be replicated to all followers before receiving an acknowledgment.

**Answer:** B",
219,producer-questions3-q26,Producer,Questions3,26,No,"What happens when the `acks` parameter is set to ""all"" in the Kafka producer configuration?",The producer does not wait for any acknowledgment and considers the write successful immediately,The producer waits for the leader replica to acknowledge the write before considering it successful,The producer waits for all in-sync replicas to acknowledge the write before considering it successful,The producer waits for a minimum number of replicas to acknowledge the write before considering it successful,,,C,"**Explanation:**
When the `acks` parameter is set to ""all"" in the Kafka producer configuration, the producer will wait for all in-sync replicas (ISRs) to acknowledge the write before considering it successful. This means that the producer will receive an acknowledgment only after the message has been successfully written to the leader replica and replicated to all the follower replicas that are currently in-sync. Setting `acks=all` provides the highest level of durability, as it ensures that the message is persisted on multiple replicas before the producer receives an acknowledgment. However, it also introduces additional latency since the producer has to wait for all ISRs to respond.

**Answer:** C",
220,producer-questions3-q27,Producer,Questions3,27,No,How does the `max.in.flight.requests.per.connection` setting affect the behavior of the Kafka producer when `acks=1`?,It specifies the maximum number of unacknowledged requests allowed per broker connection,It specifies the maximum number of requests that can be sent to the broker concurrently,It specifies the maximum number of messages that can be buffered in the producer's memory,It has no effect when `acks=1`,,,A,"**Explanation:**
The `max.in.flight.requests.per.connection` setting in the Kafka producer configuration specifies the maximum number of unacknowledged requests allowed per broker connection. When `acks=1`, this setting determines how many requests the producer can send to the broker before waiting for an acknowledgment. By default, `max.in.flight.requests.per.connection` is set to 5, meaning the producer can send up to 5 requests to the broker without waiting for an acknowledgment. Increasing this value can potentially improve throughput by allowing more requests to be sent concurrently. However, it also increases the risk of out-of-order delivery if a request fails and needs to be retried, as the subsequent requests may have already been processed.

**Answer:** A",
221,producer-questions3-q28,Producer,Questions3,28,No,What is the purpose of the `enable.idempotence` setting in the Kafka producer configuration?,To ensure that messages are delivered exactly once to the Kafka broker,To enable compression of messages sent by the producer,To specify the maximum size of a batch of messages,To control the acknowledgment behavior of the producer,,,A,"**Explanation:**
The `enable.idempotence` setting in the Kafka producer configuration is used to ensure that messages are delivered exactly once to the Kafka broker, even in the presence of network or broker failures. When idempotence is enabled, the producer assigns a unique identifier to each message and maintains a sequence number for each partition. This allows the broker to detect and discard duplicate messages, ensuring that each message is processed exactly once. Enabling idempotence provides a higher level of message delivery reliability, but it may slightly impact the performance of the producer due to the additional bookkeeping and coordination required.

**Answer:** A",
222,producer-questions3-q29,Producer,Questions3,29,No,What happens when `max.in.flight.requests.per.connection` is set to 1 and `enable.idempotence` is set to true in the Kafka producer configuration?,The producer will send messages in batches to improve throughput,The producer will wait for each request to be acknowledged before sending the next request,The producer will retry failed requests automatically,The producer will disable message compression,,,B,"**Explanation:**
When `max.in.flight.requests.per.connection` is set to 1 and `enable.idempotence` is set to true in the Kafka producer configuration, the producer will wait for each request to be acknowledged by the broker before sending the next request. This ensures that the producer receives an acknowledgment for each message before proceeding, maintaining the order of messages within each partition. Setting `max.in.flight.requests.per.connection` to 1 in combination with enabling idempotence guarantees that messages are delivered exactly once and in the correct order. However, this configuration may limit the throughput of the producer, as it can only send one request at a time per broker connection.

**Answer:** B",
223,producer-questions3-q30,Producer,Questions3,30,No,How does enabling idempotence affect the performance of the Kafka producer?,It significantly improves the producer's throughput,It has no impact on the producer's performance,It may slightly reduce the producer's throughput,It increases the producer's memory usage,,,C,"**Explanation:**
Enabling idempotence in the Kafka producer configuration may slightly reduce the producer's throughput compared to a non-idempotent producer. When idempotence is enabled, the producer needs to perform additional bookkeeping and coordination with the Kafka broker to ensure exactly-once message delivery. This includes assigning unique identifiers to messages, maintaining sequence numbers, and handling acknowledgments and retries. The additional overhead introduced by idempotence can result in a slight decrease in the producer's throughput. However, the impact on performance is generally minimal and is often outweighed by the benefits of guaranteed exactly-once delivery, especially in scenarios where message reliability is critical.

**Answer:** C",
224,producer-questions4-q31,Producer,Questions4,31,No,What does the `acks=all` setting in the Kafka producer configuration ensure?,The producer will receive an acknowledgment only after the message is written to all replicas,The producer will receive an acknowledgment only after the message is written to the leader replica,The producer will receive an acknowledgment only after the message is written to all in-sync replicas,The producer will not wait for any acknowledgment and will consider the write successful immediately,,,C,"**Explanation:**
When the `acks` parameter is set to ""all"" in the Kafka producer configuration, the producer will receive an acknowledgment only after the message is written to all in-sync replicas (ISRs). In-sync replicas are the replicas that are currently up-to-date with the leader and are considered to have the latest data. Setting `acks=all` ensures the highest level of durability, as the producer will wait for the message to be persisted on multiple replicas before considering the write successful. However, this setting also introduces additional latency, as the producer needs to wait for acknowledgments from all ISRs before proceeding.

**Answer:** C",
225,producer-questions4-q32,Producer,Questions4,32,No,What is the purpose of the `client.id` setting in the Kafka producer and consumer configurations?,To specify a unique identifier for the client within a Kafka cluster,To set the maximum number of requests the client can send or receive,To determine the compression type used for message production or consumption,To control the maximum amount of memory the client can use for buffering,,,A,"**Explanation:**
The `client.id` setting in the Kafka producer and consumer configurations is used to specify a unique identifier for the client within a Kafka cluster. It is an optional setting that helps in identifying and tracking the client's activity in the cluster. When set, the `client.id` is included in the metadata of requests sent by the client, making it easier to correlate and monitor client behavior. It can be useful for debugging purposes, as it allows you to identify specific clients in the logs and metrics. The `client.id` does not have any impact on the functional behavior of the client, such as the number of requests, compression type, or memory usage. It is purely used for identification and monitoring purposes.

**Answer:** A",
226,producer-questions4-q33,Producer,Questions4,33,No,What happens if multiple Kafka clients use the same `client.id` value?,The clients will share the same configuration and connection pooling,The clients will be treated as a single logical client by the Kafka brokers,"The behavior is undefined, and it may lead to unexpected results or errors",The Kafka brokers will reject the connection attempts from clients with duplicate `client.id`,,,C,"**Explanation:**
If multiple Kafka clients use the same `client.id` value, the behavior is undefined, and it may lead to unexpected results or errors. The `client.id` is meant to be a unique identifier for each client, and Kafka brokers do not enforce uniqueness or perform any special handling when multiple clients have the same `client.id`. Using the same `client.id` for multiple clients can cause confusion and make it difficult to distinguish between the activities of different clients in logs and metrics. It may also lead to incorrect correlation of requests and responses, as the brokers may attribute the actions of one client to another. To avoid these issues, it is recommended to assign a unique `client.id` to each Kafka client in a cluster.

**Answer:** C",
227,producer-questions4-q34,Producer,Questions4,34,No,"If a producer sends a message with a key to a topic with 5 partitions, which partition will the message be written to?",The partition is randomly selected,The partition is determined based on the hash of the message key,The partition is always the first partition (partition 0),The partition is determined by the broker,,,B,"**Explanation:**
When a producer sends a message with a key to a topic, the partition to which the message is written is determined based on the hash of the message key. Kafka's default partitioner uses the murmur2 hash function to compute the hash of the key and then maps it to a specific partition.

The process works as follows:
1. The producer calculates the hash of the message key using the murmur2 hash function.
2. The hash value is then modulo'd by the number of partitions in the topic to determine the partition index.
3. The message is sent to the corresponding partition based on the calculated partition index.

This means that messages with the same key will always be sent to the same partition, ensuring that they are processed in the order they were sent.

The partition is not randomly selected, nor is it always the first partition. The broker does not determine the partition for keyed messages; it is determined by the producer based on the hash of the message key.

**Answer:** B",
228,producer-questions4-q35,Producer,Questions4,35,No,What happens if a producer sends a message without a key to a topic with 3 partitions?,The message is discarded,The message is sent to a randomly selected partition,The message is sent to all partitions,The message is sent to the partition with the least amount of data,,,B,"**Explanation:**
When a producer sends a message without a key to a topic, the message is sent to a randomly selected partition. In the absence of a key, Kafka's default partitioner uses a round-robin approach to distribute messages evenly across all available partitions.

Here's how it works:
1. The producer maintains an internal counter that keeps track of the last partition it sent a message to.
2. When a message without a key is sent, the producer increments the counter and selects the next partition in a round-robin fashion.
3. The message is sent to the selected partition.
4. The counter is incremented again, and the process repeats for subsequent messages.

This round-robin approach ensures that messages without keys are evenly distributed across all partitions in the topic.

The message is not discarded, sent to all partitions, or sent to the partition with the least amount of data. The partition selection for messages without keys is based on the round-robin algorithm to achieve a balanced distribution.

**Answer:** B",
229,producer-questions4-q36,Producer,Questions4,36,No,Can a producer guarantee the order of messages within a partition when sending messages with different keys?,"Yes, messages within a partition are always guaranteed to be in the same order as they were sent by the producer","No, messages with different keys can be written to the same partition in a different order than they were sent",It depends on the configuration of the producer,It depends on the configuration of the topic,,,B,"**Explanation:**
A producer cannot guarantee the order of messages within a partition when sending messages with different keys. While Kafka guarantees the order of messages within a partition for a given key, it does not guarantee the relative order of messages across different keys.

When a producer sends messages with different keys to the same topic, the messages are partitioned based on the hash of their keys. Messages with the same key will always be sent to the same partition and will be ordered within that partition. However, messages with different keys may be sent to different partitions or even to the same partition but in a different order than they were sent by the producer.

This is because the order of messages in a partition is determined by the order in which they are written to the partition, not by the order in which they were sent by the producer. If messages with different keys are sent to the same partition, their order within that partition depends on the timing and interleaving of the write operations.

The configuration of the producer or the topic does not affect the ordering guarantee for messages with different keys. The order is determined by the partitioning mechanism and the timing of the write operations.

**Answer:** B",
230,producer-questions4-q37,Producer,Questions4,37,No,What happens when a producer tries to send a message to a partition whose leader replica is not in-sync?,The producer receives a `NotLeaderOrFollowerException` and retries sending the message,The producer waits until the leader replica becomes in-sync before sending the message,The message is automatically routed to another in-sync replica,The producer receives a `LeaderNotAvailableException` and the message is discarded,,,A,"**Explanation:**
When a producer tries to send a message to a partition whose leader replica is not in-sync, the producer will receive a `NotLeaderOrFollowerException`. This exception indicates that the broker the producer is connected to is not the leader for the partition and cannot accept writes.

In this situation, the producer typically retries sending the message after a short backoff period. The producer will attempt to refresh its metadata to obtain the current leader information for the partition. Once the producer has the updated leader information, it will retry sending the message to the new leader.

The producer does not wait indefinitely for the leader replica to become in-sync. It proactively refreshes its metadata and retries sending the message to the updated leader.

The message is not automatically routed to another in-sync replica. The producer specifically sends the message to the partition leader, and it is the leader's responsibility to replicate the message to the followers.

If the producer is unable to send the message after multiple retries, it may eventually timeout or return an error to the application, depending on its configuration. The message is not automatically discarded; it is the application's responsibility to handle the failure and decide whether to retry or discard the message.

**Answer:** A",
231,producer-questions4-q38,Producer,Questions4,38,No,"In a topic with a replication factor of 3 and `min.insync.replicas` set to 2, what happens when a producer sends a message with `acks=all` and two replicas are not in-sync?",The producer receives an acknowledgment and the message is successfully written,The producer receives a `NotEnoughReplicasException` and the message is not written,The producer waits indefinitely until at least two replicas become in-sync,The message is written to the leader replica and the producer receives an acknowledgment,,,B,"**Explanation:**
When a topic has a replication factor of 3 and `min.insync.replicas` is set to 2, it means that at least 2 replicas (including the leader) must be in-sync for a write to be considered successful when `acks=all`.

In the scenario where a producer sends a message with `acks=all` and two replicas are not in-sync, the producer will receive a `NotEnoughReplicasException`, and the message will not be written to the topic. The `acks=all` configuration requires acknowledgment from all in-sync replicas before considering a write successful.

Since the topic has `min.insync.replicas` set to 2, the leader replica alone is not sufficient to meet the acknowledgment requirement. The producer will not receive an acknowledgment, and the message will not be written to the topic.

The producer does not wait indefinitely for the replicas to become in-sync. It immediately fails the write operation and returns an exception to the application.

Even though the message may be written to the leader replica, the producer does not receive an acknowledgment because the `acks=all` requirement is not satisfied. The message is not considered successfully written until the required number of in-sync replicas have acknowledged the write.

**Answer:** B",
232,rest proxy-questions1-q1,REST Proxy,Questions1,1,No,"When using the Confluent REST Proxy to produce messages, what happens if the `value.schema.id` is provided in the request payload?",The REST Proxy validates the payload against the schema specified by the ID,The REST Proxy retrieves the schema from the Schema Registry and includes it in the produced message,The REST Proxy ignores the `value.schema.id` field and produces the message without any schema information,The REST Proxy returns an error indicating that the `value.schema.id` is not supported,,,A,"**Answer:** A

**Explanation:**
When producing messages through the Confluent REST Proxy, you can optionally provide the `value.schema.id` field in the request payload to specify the schema ID for the message value.

If the `value.schema.id` is provided, the REST Proxy performs the following steps:

1. It retrieves the schema corresponding to the specified ID from the Schema Registry.
2. It validates the message payload against the retrieved schema to ensure that the payload adheres to the schema structure.
3. If the validation succeeds, the REST Proxy produces the message to the specified Kafka topic.
4. If the validation fails, the REST Proxy returns an error indicating that the payload does not match the schema.

- B. providing the `value.schema.id`, you can ensure that the message payload conforms to a specific schema before it is produced to Kafka. This helps maintain data consistency and avoids producing invalid or malformed messages.

Statement B is incorrect because the REST Proxy does not include the schema itself in the produced message. It only validates the payload against the schema.

Statement C is incorrect because the REST Proxy does not ignore the `value.schema.id` field. It uses it to validate the payload against the specified schema.

Statement D is incorrect because the REST Proxy supports the `value.schema.id` field and uses it for schema validation. It does not return an error indicating that the field is not supported.",
233,rest proxy-questions1-q2,REST Proxy,Questions1,2,No,What is the purpose of the `key.converter` and `value.converter` configurations in the Confluent REST Proxy?,To specify the format of the message key and value in the produced messages,To specify the serialization format for the message key and value in the REST API requests and responses,To specify the compression type for the message key and value,To specify the schema ID for the message key and value,,,B,"**Answer:** B

**Explanation:**
In the Confluent REST Proxy, the `key.converter` and `value.converter` configurations are used to specify the serialization format for the message key and value in the REST API requests and responses.

When producing or consuming messages through the REST Proxy, the message key and value need to be serialized in a specific format for transmission over HTTP. The `key.converter` and `value.converter` configurations determine how the key and value are serialized and deserialized.

The available converter options include:

- `io.confluent.kafka.serializers.KafkaAvroSerializer`: Serializes the key or value as Avro.
- `org.apache.kafka.common.serialization.StringSerializer`: Serializes the key or value as a string.
- `org.apache.kafka.common.serialization.ByteArraySerializer`: Serializes the key or value as a byte array.

- B. configuring the appropriate converters, you can ensure that the REST Proxy correctly serializes and deserializes the message key and value when producing or consuming messages via the REST API.

Statement A is incorrect because the `key.converter` and `value.converter` do not specify the format of the message key and value in the produced messages. They are used for serialization in the REST API layer.

Statement C is incorrect because the converters are not related to the compression type of the message key and value. Compression is handled separately.

Statement D is incorrect because the converters do not specify the schema ID for the message key and value. The schema ID is typically provided in the request payload when producing messages.",
234,rest proxy-questions1-q3,REST Proxy,Questions1,3,No,How does the Confluent REST Proxy handle authentication and authorization for production and consumption of messages?,The REST Proxy performs authentication and authorization based on the Kafka ACLs configured in the brokers,The REST Proxy uses its own authentication and authorization mechanism independent of Kafka,The REST Proxy relies on the Schema Registry for authentication and authorization,The REST Proxy does not support authentication and authorization,,,B,"**Answer:** B

**Explanation:**
The Confluent REST Proxy uses its own authentication and authorization mechanism independent of Kafka for controlling access to the production and consumption of messages through the REST API.

When configuring the REST Proxy, you can enable authentication and specify the authentication method to be used. The supported authentication methods include:

- Basic Auth: Clients provide a username and password in the HTTP request headers for authentication.
- JWT Auth: Clients include a JSON Web Token (JWT) in the HTTP request headers for authentication.

Additionally, the REST Proxy allows you to configure authorization rules to control access to specific Kafka resources (topics, consumer groups) based on the authenticated user or client.

The REST Proxy's authentication and authorization mechanism operates at the REST API layer and is separate from the Kafka brokers' ACLs (Access Control Lists). The REST Proxy acts as an intermediary between the clients and the Kafka brokers, enforcing its own security controls.

Statement A is incorrect because the REST Proxy does not rely on the Kafka ACLs for authentication and authorization. It has its own mechanism.

Statement C is incorrect because the REST Proxy does not use the Schema Registry for authentication and authorization. The Schema Registry is used for schema management, not security.

Statement D is incorrect because the REST Proxy does support authentication and authorization through its own mechanism. It is not true that it lacks support for these security features.",
235,rest proxy-questions1-q4,REST Proxy,Questions1,4,No,What is the purpose of the Kafka REST Proxy?,To provide a RESTful interface for producing and consuming messages in Kafka,To manage Kafka clusters and monitor their health,To store and retrieve Avro schemas for Kafka messages,To stream data between Kafka and external systems,,,A,"**Answer:** A

**Explanation:**
The primary purpose of the Kafka REST Proxy is to provide a RESTful interface for producing and consuming messages in Kafka. It allows applications that are not built using Kafka's native libraries to interact with Kafka clusters using standard HTTP requests.

The REST Proxy exposes endpoints for producing messages to Kafka topics and consuming messages from Kafka topics. It acts as a bridge between non-Kafka applications and Kafka, enabling seamless integration and communication.",
236,rest proxy-questions1-q5,REST Proxy,Questions1,5,No,Which HTTP method is used to produce messages to a Kafka topic via the REST Proxy?,GET,POST,PUT,DELETE,,,B,"**Answer:** B

**Explanation:**
To produce messages to a Kafka topic using the Kafka REST Proxy, you need to send a POST request to the appropriate endpoint. The POST method is used to submit data to be processed to a specified resource, which in this case is a Kafka topic.

The REST Proxy expects the message data to be included in the request body, typically in JSON format. It then forwards the message to the Kafka broker, which appends it to the specified topic.",
237,rest proxy-questions1-q6,REST Proxy,Questions1,6,No,How does the Kafka REST Proxy handle consumer offsets?,It stores consumer offsets in a separate Kafka topic,It manages consumer offsets using Zookeeper,It relies on the Kafka brokers to store consumer offsets,It does not manage consumer offsets,,,C,"**Answer:** C

**Explanation:**
The Kafka REST Proxy relies on the Kafka brokers to store and manage consumer offsets. When a consumer is created through the REST Proxy, it is assigned to a consumer group, and the offsets for that consumer are stored in the Kafka brokers.

Kafka brokers maintain the offsets for each consumer group in a special internal topic called `__consumer_offsets`. The REST Proxy does not directly manage or store consumer offsets itself. Instead, it leverages the native offset management mechanism provided by Kafka.",
238,rest proxy-questions1-q7,REST Proxy,Questions1,7,No,What is the purpose of the `consumer.request.timeout.ms` configuration parameter in the Kafka REST Proxy?,To set the maximum time to wait for a message to be consumed,To set the maximum time to wait for a response from the Kafka broker,To set the maximum time to keep a consumer instance alive without further requests,To set the maximum time to wait for a consumer to join a consumer group,,,C,"**Answer:** C

**Explanation:**
The `consumer.request.timeout.ms` configuration parameter in the Kafka REST Proxy is used to set the maximum time to keep a consumer instance alive without further requests. It determines how long a consumer instance can remain idle before it is automatically closed by the REST Proxy.

When a consumer is created through the REST Proxy, it is associated with a specific consumer instance. If no further requests are made to that consumer instance within the specified timeout period, the REST Proxy considers the consumer instance to be inactive and closes it to free up resources.

This configuration helps manage the lifecycle of consumer instances and prevents idle consumers from consuming resources unnecessarily.",
239,rest proxy-questions1-q8,REST Proxy,Questions1,8,No,How does the Kafka REST Proxy handle authentication?,It uses Kafka's native authentication mechanisms,It supports basic authentication using username and password,It relies on SSL/TLS for authentication,It does not provide built-in authentication mechanisms,,,B,"**Answer:** B

**Explanation:**
The Kafka REST Proxy supports basic authentication using username and password. It allows clients to include authentication credentials in the HTTP request headers to authenticate themselves when making requests to the REST Proxy.

To enable authentication in the REST Proxy, you need to configure the `authentication.method` parameter in the REST Proxy's configuration file. The most common authentication method is ""BASIC"", which uses the standard HTTP Basic Authentication scheme.

When authentication is enabled, clients must include the appropriate authentication headers in their requests to access the REST Proxy endpoints. The REST Proxy validates the provided credentials against the configured authentication mechanism before allowing access to the requested resources.",
240,rest proxy-questions1-q9,REST Proxy,Questions1,9,No,What is the role of the `id` field in the request payload when producing messages via the Kafka REST Proxy?,It specifies the Kafka topic to produce the message to,It represents the key of the message,It uniquely identifies the message within the Kafka cluster,It is an optional field used for client-side message tracking,,,D,"**Answer:** D

**Explanation:**
The `id` field in the request payload when producing messages via the Kafka REST Proxy is an optional field used for client-side message tracking. It does not have any significance within the Kafka cluster itself.

When a client produces a message through the REST Proxy, it can include an `id` field in the request payload. This `id` field is not used by Kafka and is not stored with the message in the Kafka topic. Instead, it is intended for the client's own tracking and correlation purposes.

The client can use the `id` field to assign a unique identifier to each message it produces. This can be useful for tracking the status of individual messages, correlating responses with requests, or implementing custom message acknowledgment mechanisms on the client side.

The Kafka REST Proxy simply forwards the `id` field as part of the message payload to the Kafka broker, but it does not have any special meaning or impact on the message within Kafka.",
241,rest proxy-questions1-q10,REST Proxy,Questions1,10,No,How can you configure the Kafka REST Proxy to use SSL/TLS for secure communication?,Set `ssl.enabled` to `true` in the REST Proxy configuration,Enable SSL/TLS in the Kafka broker configuration,Configure SSL/TLS in the client application code,No additional configuration is required,,,A,"**Answer:** A

**Explanation:**
To configure the Kafka REST Proxy to use SSL/TLS for secure communication, you need to set the `ssl.enabled` configuration parameter to `true` in the REST Proxy's configuration file.

- B. default, the REST Proxy uses plain-text communication over HTTP. However, when `ssl.enabled` is set to `true`, the REST Proxy will enable SSL/TLS support and expect clients to communicate with it using HTTPS.

In addition to enabling SSL/TLS in the REST Proxy configuration, you also need to provide the necessary SSL/TLS certificates and keys. This typically involves configuring the `ssl.keystore.location`, `ssl.keystore.password`, `ssl.key.password`, and other relevant SSL/TLS parameters in the REST Proxy configuration file.

Clients communicating with the REST Proxy over SSL/TLS need to use the HTTPS protocol and ensure that they trust the SSL/TLS certificate presented by the REST Proxy.

Enabling SSL/TLS in the Kafka broker configuration is not directly related to configuring SSL/TLS for the REST Proxy itself. The REST Proxy acts as a separate entity and requires its own SSL/TLS configuration.",
242,schema-registry-questions1-q1,Schema-Registry,Questions1,1,No,Where does Confluent Schema Registry store the registered schema information?,In Zookeeper under the `/schemas` znode,In a special Kafka topic named `_schemas`,In a relational database configured in Schema Registry,In the Kafka broker's `schema` directory on disk,,,B,"**Explanation:**
Confluent Schema Registry uses a special Kafka topic named `_schemas` to store the registered schema information. Each schema is stored as a message in this topic, keyed by the schema ID.

- A: While Schema Registry uses Zookeeper for some coordination tasks, schemas themselves are not stored in Zookeeper.
- C: Schema Registry does not use a relational database for schema storage by default. It leverages Kafka for reliable schema storage.
- D: Schemas are not stored on the Kafka broker's disk directly.

**Answer:** B",
243,schema-registry-questions1-q2,Schema-Registry,Questions1,2,Yes,What serialization formats are supported by the Confluent Schema Registry for storing schemas? (Select all that apply),Avro,Protobuf,JSON Schema,XML Schema,Thrift,,"A, B, C","**Explanation:**
The Confluent Schema Registry currently supports three serialization formats for storing schemas:

1. Apache Avro: Avro is a row-based serialization format that is compact, fast, and binary. It's the most commonly used format with the Schema Registry.
2. Protocol Buffers (Protobuf): Protobuf is Google's data interchange format. It's also compact and fast, and it supports schema evolution.
3. JSON Schema: JSON schema is a schema format for JSON, supported by the Schema Registry.

The other options are not currently supported:

- D (XML Schema) is a schema format for XML, but it's not supported by the Schema Registry for schema storage.
- E (Thrift) is another serialization format, but it's not currently supported by the Schema Registry.

**Answer:** A, B, C",
244,schema-registry-questions1-q3,Schema-Registry,Questions1,3,Yes,Which of the following programming languages have official client libraries for interacting with the Confluent Schema Registry? (Select three),Java,Python,Go,C++,JavaScript,Ruby,"A, B, C","**Explanation:**
The Confluent Schema Registry provides official client libraries for the following programming languages:

1. Java: The Java client is part of the `kafka-schema-registry-client` library.
2. Python: The Python client is provided by the `confluent-kafka` Python package.
3. Go: The Go client is part of the `confluent-kafka-go` package.

The other options do not currently have official client libraries from Confluent:

- D (C++), E (JavaScript), and F (Ruby) can still interact with the Schema Registry using its REST API, but there are no official client libraries provided by Confluent for these languages.

**Answer:** A, B, C",
245,schema-registry-questions1-q4,Schema-Registry,Questions1,4,No,What is the purpose of the compatibility setting in the Confluent Schema Registry?,"It defines which serialization format (Avro, Protobuf) is used.",It controls how schemas can evolve over time.,It sets the compatibility between different Schema Registry versions.,It configures compatibility between the Schema Registry and Kafka brokers.,,,B,"**Explanation:**
The compatibility setting in the Confluent Schema Registry is used to control schema evolution. It defines the rules for how a schema can change over time while still being considered compatible with previous versions.

The available compatibility settings are:

- BACKWARD: A new schema can be used to read data written by an old schema.
- FORWARD: An old schema can be used to read data written by a new schema.
- FULL: Both BACKWARD and FORWARD compatibilities are maintained.
- NONE: No compatibility checks are performed.

The other options are incorrect:

- A is incorrect because the serialization format is not controlled by the compatibility setting.
- C is incorrect because the compatibility setting is about schema versions, not Schema Registry versions.
- D is incorrect because the compatibility setting does not configure compatibility with Kafka brokers.

**Answer:** B",
246,schema-registry-questions1-q5,Schema-Registry,Questions1,5,No,"In Avro, what is the effect of adding a field to a record schema without a default value?",It is a backward compatible change,It is a forward compatible change,It is both a backward and forward compatible change,It is an incompatible change,,,B,"**Explanation:**
In Avro, adding a field to a record schema without a default value is a forward compatible change. It only breaks backward compatibility.

- It is forward compatible because data written with the new schema can be read by code using the old schema. The old schema will simply ignore the added field.
- It breaks backward compatibility because data written with the old schema cannot be read by code using the new schema. The new schema will expect the new field to be present, but it will be missing in the old data.

To make adding a field backward compatible as well, you must provide a default value for the new field. This allows old data to be read by new code (the default is used for the missing field).

Therefore, statements A, C, and D are incorrect.

**Answer:** B",
247,schema-registry-questions1-q6,Schema-Registry,Questions1,6,No,What is the Avro schema evolution rule for removing a field?,It is always a compatible change,It is a backward compatible change,It is a forward compatible change,It is an incompatible change,,,B,"**Explanation:**
In Avro, removing a field from a record schema is a backward compatible change, but not a forward compatible change.

- It is backward compatible because data written with the old schema can be read by code using the new schema. The new schema simply ignores the removed field when reading old data.
- However, it is not forward compatible because data written with the new schema cannot be read by code using the old schema. The old schema will expect the removed field to be present, but it will be missing in the new data.

Therefore, removing a field allows new code to read old data (backward compatibility), but not old code to read new data (forward compatibility).

Statements A and C are incorrect because removing a field is not always compatible or forward compatible. Statement D is incorrect because removing a field is backward compatible, not completely incompatible.

**Answer:** B",
248,schema-registry-questions1-q7,Schema-Registry,Questions1,7,No,"In Avro, what is the compatibility implication of changing the name of a record schema?",It is a backward compatible change,It is a forward compatible change,It is both a backward and forward compatible change,It is an incompatible change,,,D,"**Explanation:**
In Avro, changing the name of a record schema is an incompatible change. It breaks both backward and forward compatibility.

The name of a record schema is used to identify the schema. When Avro data is serialized, the schema name is included in the serialized data. When the data is deserialized, the deserializer looks for a schema with the same name to use for deserialization.

If the name of a schema is changed:

- Data written with the old schema name cannot be deserialized with the new schema, because the deserializer will not find a schema with the old name. This breaks backward compatibility.
- Data written with the new schema name cannot be deserialized with the old schema, because the deserializer will not find a schema with the new name. This breaks forward compatibility.

Therefore, changing the name of a record schema is an incompatible change. Statements A, B, and C are incorrect.

To evolve a schema while maintaining compatibility, you should not change the name of the schema. Instead, you should evolve the fields within the schema following the Avro compatibility rules.

**Answer:** D",
249,schema-registry-questions1-q8,Schema-Registry,Questions1,8,No,What happens when a Kafka consumer using KafkaAvroDeserializer encounters a message without a schema ID?,The consumer throws a SerializationException,The consumer skips the message and moves to the next one,The consumer attempts to deserialize the message using the latest schema,The consumer falls back to using the GenericRecord deserializer,,,A,"**Explanation:**
When a Kafka consumer using the KafkaAvroDeserializer encounters a message that does not include a schema ID, it will throw a SerializationException.

The KafkaAvroDeserializer expects messages to be serialized with Confluent Schema Registry and to include the schema ID as part of the message payload. The schema ID is used to retrieve the corresponding schema from the Schema Registry for deserialization.

If a message does not contain a schema ID, the deserializer is unable to determine which schema to use for deserialization, and it cannot proceed. In this case, it will throw a SerializationException to indicate that the message cannot be deserialized due to the missing schema ID.

It's important to ensure that the producer is properly configured to use the KafkaAvroSerializer and that it is registering the schemas with the Schema Registry. This way, the produced messages will include the necessary schema ID for the consumer to deserialize them correctly.

Statement B is incorrect because the consumer does not skip messages without a schema I- D. It throws an exception instead.

Statement C is incorrect because the consumer cannot attempt to deserialize the message using the latest schema if there is no schema ID present. It needs the schema ID to retrieve the correct schema.

Statement D is incorrect because the consumer does not fall back to using a different deserializer when the schema ID is missing. The KafkaAvroDeserializer specifically relies on the schema ID for deserialization.

**Answer:** A",
250,schema-registry-questions1-q9,Schema-Registry,Questions1,9,No,How can you handle a SerializationException thrown by the KafkaAvroDeserializer in a Kafka consumer?,Catch the exception and retry deserializing the message with a different deserializer,Catch the exception and skip the problematic message by committing its offset,Catch the exception and manually retrieve the schema from the Schema Registry for deserialization,Let the exception propagate and handle it at a higher level in the consumer application,,,B,"**Explanation:**
When a Kafka consumer using the KafkaAvroDeserializer encounters a SerializationException due to a missing schema ID or other deserialization issues, one way to handle it is to catch the exception and skip the problematic message by committing its offset.

Here's how you can approach this:

1. Surround the code that consumes and processes the messages with a try-catch block.
2. In the catch block, if the exception is a SerializationException, log an error message indicating the failed deserialization.
3. Commit the offset of the problematic message using the consumer's commitSync() or commitAsync() method. This tells Kafka that the consumer has processed the message, even though it couldn't deserialize it.
4. Continue consuming the next message.

- B. committing the offset of the problematic message, the consumer acknowledges that it has processed the message and moves on to the next one. This prevents the consumer from getting stuck on the same message indefinitely.

However, it's important to note that skipping messages should be done with caution and only after careful consideration. Skipping messages means losing data, so it's crucial to have proper error handling and monitoring in place to detect and investigate such incidents.

Statement A is incorrect because retrying deserialization with a different deserializer is not a recommended approach. The KafkaAvroDeserializer is specifically designed to work with Confluent Schema Registry and Avro-serialized messages.

Statement C is incorrect because manually retrieving the schema from the Schema Registry is not a practical solution. The deserializer should handle schema retrieval automatically based on the schema ID.

Statement D is partially correct, as letting the exception propagate and handling it at a higher level is another valid approach. However, it doesn't address the specific action of skipping the problematic message by committing its offset.

**Answer:** B",
251,schema-registry-questions1-q10,Schema-Registry,Questions1,10,No,What are the benefits of using Confluent Schema Registry and KafkaAvroDeserializer in a Kafka consumer?,Automatic schema evolution and compatibility checks,Improved deserialization performance compared to generic deserializers,Ability to deserialize messages without knowing the schema upfront,All of the above,,,D,"**Explanation:**
Using Confluent Schema Registry and KafkaAvroDeserializer in a Kafka consumer offers several benefits:

1. Automatic schema evolution and compatibility checks:
   - The Schema Registry allows you to store and manage schemas for your Kafka messages.
   - It enables schema evolution by allowing you to define compatibility rules for schema changes.
   - The KafkaAvroDeserializer automatically retrieves the appropriate schema from the Schema Registry based on the schema ID included in the message.
   - It ensures that the consumer can deserialize messages even if the schema has evolved, as long as the changes are compatible.

2. Improved deserialization performance compared to generic deserializers:
   - The KafkaAvroDeserializer is optimized for deserializing Avro-serialized messages.
   - It leverages the compact and efficient binary format of Avro, resulting in faster deserialization compared to generic deserializers like JSON.
   - The deserializer also benefits from the schema information stored in the Schema Registry, enabling efficient deserialization without the overhead of including the full schema in each message.

3. Ability to deserialize messages without knowing the schema upfront:
   - When using the KafkaAvroDeserializer, the consumer does not need to have prior knowledge of the schema for the messages it consumes.
   - The deserializer automatically retrieves the schema from the Schema Registry based on the schema ID included in the message.
   - This allows the consumer to deserialize messages from multiple topics or with different schemas without requiring explicit schema management in the consumer code.

- B. leveraging Confluent Schema Registry and KafkaAvroDeserializer, Kafka consumers can benefit from automatic schema evolution, improved deserialization performance, and the ability to deserialize messages without prior knowledge of the schema. These features simplify the development and maintenance of Kafka consumers while ensuring data compatibility and efficiency.

**Answer:** D",
252,schema-registry-questions2-q11,Schema-Registry,Questions2,11,No,Which configuration is used to define the schema registry URL in Kafka clients?,`schema.registry.url`,`schema.registry.endpoint`,`schema.registry.address`,`schema.registry.host`,,,A,"**Explanation:**
The configuration `schema.registry.url` is used to specify the URL of the Confluent Schema Registry in Kafka clients. This URL is necessary for the clients to connect to the Schema Registry and retrieve the schemas.

- Options B, C, and D are incorrect as these are not the correct configuration properties for setting the schema registry URL in Kafka clients.

**Answer:** A",
253,schema-registry-questions2-q12,Schema-Registry,Questions2,12,No,What is the primary purpose of a subject in the Confluent Schema Registry?,"To group schemas by type (Avro, Protobuf, JSON Schema)",To manage versions of a schema for a specific topic or entity,To specify the schema storage location,To define the security policies for accessing schemas,,,B,"**Explanation:**
In the Confluent Schema Registry, a subject is used to manage versions of a schema for a specific topic or entity. It groups schemas together under a common name, and each schema can have multiple versions within that subject.

- Options A, C, and D are incorrect because subjects are specifically for managing schema versions rather than grouping by type, specifying storage locations, or defining security policies.

**Answer:** B",
254,schema-registry-questions2-q13,Schema-Registry,Questions2,13,No,How does Confluent Schema Registry ensure compatibility when registering a new schema version?,By comparing the new schema with the latest version only,By comparing the new schema with all previous versions,By comparing the new schema with a user-specified set of previous versions,By ignoring previous versions and only validating the new schema,,,A,"**Explanation:**
Confluent Schema Registry ensures compatibility by comparing the new schema with the latest version only. The compatibility check depends on the compatibility mode set for the subject (e.g., BACKWARD, FORWARD, FULL).

- Options B, C, and D are incorrect because the registry typically compares the new schema against the latest version only, not all previous versions or a user-specified set.

**Answer:** A",
255,schema-registry-questions2-q14,Schema-Registry,Questions2,14,No,What compatibility mode allows a new schema to both read data written by an old schema and write data that can be read by the old schema?,BACKWARD,FORWARD,FULL,NONE,,,C,"**Explanation:**
The FULL compatibility mode allows a new schema to both read data written by an old schema (backward compatibility) and write data that can be read by the old schema (forward compatibility).

- Options A and B are incorrect because BACKWARD only ensures backward compatibility and FORWARD only ensures forward compatibility. Option D (NONE) disables compatibility checks.

**Answer:** C",
256,schema-registry-questions2-q15,Schema-Registry,Questions2,15,Yes,Which schema types are supported by Confluent Schema Registry but not by Apache Avro? (Select all that apply),Protobuf,Thrift,JSON Schema,XML Schema,,,"C, A","**Explanation:**
Confluent Schema Registry supports Protobuf and JSON Schema in addition to Avro. Apache Avro natively supports only Avro schemas.

- Options B and D are incorrect as Thrift and XML Schema are not supported by the Schema Registry. Option A is supported by both, but JSON Schema is a type specifically supported by the Schema Registry and not by Apache Avro.

**Answer:** C,A",
257,schema-registry-questions2-q16,Schema-Registry,Questions2,16,No,"In the context of Confluent Schema Registry, what is the main advantage of using Avro over JSON Schema?",Avro schemas are human-readable,Avro provides a compact and fast binary serialization format,Avro does not require schema registration,Avro supports all JSON types natively,,,B,"**Explanation:**
The main advantage of using Avro over JSON Schema is that Avro provides a compact and fast binary serialization format, which is efficient for data storage and transfer.

- Options A and C are incorrect because while Avro schemas can be human-readable, the main advantage is their compactness and speed. Avro does require schema registration. Option D is incorrect as JSON Schema supports JSON types natively, not Avro.

**Answer:** B",
258,schema-registry-questions2-q17,Schema-Registry,Questions2,17,No,What is the default compatibility mode in Confluent Schema Registry?,BACKWARD,FORWARD,FULL,NONE,,,A,"**Explanation:**
The default compatibility mode in Confluent Schema Registry is BACKWARD. This mode ensures that new schemas can read data produced with earlier versions of the schema.

- Options B, C, and D are incorrect because FORWARD and FULL are not the default modes, and NONE disables compatibility checks.

**Answer:** A",
259,schema-registry-questions2-q18,Schema-Registry,Questions2,18,No,How does the Confluent Schema Registry handle schema evolution?,By automatically converting old schemas to new schemas,By storing all schema versions and applying compatibility checks,By enforcing schema changes directly on the producer side,By modifying the schema directly in the consumer application,,,B,"**Explanation:**
The Confluent Schema Registry handles schema evolution by storing all schema versions and applying compatibility checks to ensure that new schema versions are compatible with previous versions according to the configured compatibility mode.

- Options A, C, and D are incorrect because the registry does not automatically convert schemas or enforce changes directly on the producer or consumer sides.

**Answer:** B",
260,schema-registry-questions2-q19,Schema-Registry,Questions2,19,No,What happens if a schema fails the compatibility check when being registered in the Confluent Schema Registry?,The schema is registered with a warning,"The schema is rejected, and an error is returned","The schema is registered, but compatibility is disabled",The schema is registered with a lower priority,,,B,"**Explanation:**
If a schema fails the compatibility check when being registered in the Confluent Schema Registry, the schema is rejected, and an error is returned. The schema cannot be registered until it passes the compatibility check.

- Options A, C, and D are incorrect because the registry does not register schemas that fail compatibility checks under any conditions.

**Answer:** B",
261,schema-registry-questions2-q20,Schema-Registry,Questions2,20,No,Which command-line tool can be used to interact with the Confluent Schema Registry?,kafka-schema-registry,schema-registry-cli,confluent-hub,kafka-schema-cli,,,B,"**Explanation:**
The command-line tool `schema-registry-cli` can be used to interact with the Confluent Schema Registry, allowing users to manage schemas, subjects, and compatibility settings.

- Options A, C, and D are incorrect because they refer to tools that do not interact with the Schema Registry in this manner.

**Answer:** B",
262,schema-registry-questions3-q21,Schema-Registry,Questions3,21,No,What is the purpose of the Confluent Schema Registry in a Kafka ecosystem?,To store and manage Avro schemas for Kafka messages,To provide a REST API for producing and consuming Kafka messages,To handle authentication and authorization for Kafka clients,To monitor and manage Kafka clusters and their performance,,,A,"**Explanation:**
The primary purpose of the Confluent Schema Registry in a Kafka ecosystem is to store and manage Avro schemas for Kafka messages. The Schema Registry provides a centralized repository for storing and retrieving Avro schemas, enabling schema evolution and compatibility checks. It allows Kafka producers and consumers to work with structured data in Avro format, ensuring that the data adheres to a well-defined schema. By storing schemas in the Schema Registry, producers and consumers can refer to schemas by their unique identifier, eliminating the need to include the full schema with each message. This promotes schema reuse, reduces message size, and enables schema evolution over time.

**Answer:** A",
263,schema-registry-questions3-q22,Schema-Registry,Questions3,22,No,How does the Confluent Schema Registry ensure compatibility between different versions of a schema?,By enforcing strict backward compatibility for all schema changes,By allowing schema changes that are both backward and forward compatible,By automatically generating compatibility reports for schema versions,By using a compatibility setting to define allowed schema evolution rules,,,D,"**Explanation:**
The Confluent Schema Registry uses a compatibility setting to define allowed schema evolution rules and ensure compatibility between different versions of a schema. The compatibility setting determines how schema changes are validated and whether they are allowed or rejected. The available compatibility settings are:

- BACKWARD: A new schema is backward compatible with the latest version.
- FORWARD: A new schema is forward compatible with the latest version.
- FULL: A new schema is both backward and forward compatible with the latest version.
- NONE: No compatibility checks are performed.

- B. configuring the appropriate compatibility setting, you can control the schema evolution process and ensure that new schema versions are compatible with existing data and applications. The Schema Registry validates schema changes against the configured compatibility rules and rejects changes that violate the rules. This helps maintain data integrity and prevents incompatible schema changes from being registered.

**Answer:** D",
264,schema-registry-questions3-q23,Schema-Registry,Questions3,23,No,How can you retrieve the latest version of a schema from the Confluent Schema Registry using its REST API?,Send a GET request to `/subjects/<subject>/versions/latest`,Send a POST request to `/schemas/<subject>/versions/latest`,Send a GET request to `/schemas/<subject>/versions/latest`,Send a POST request to `/subjects/<subject>/versions/latest`,,,A,"**Explanation:**
To retrieve the latest version of a schema from the Confluent Schema Registry using its REST API, you need to send a GET request to the endpoint `/subjects/<subject>/versions/latest`. The `<subject>` placeholder represents the name of the schema subject for which you want to retrieve the latest version. The Schema Registry organizes schemas into subjects, typically corresponding to Kafka topic names. By making a GET request to this endpoint, the Schema Registry will respond with the latest version of the schema associated with the specified subject. The response will include the schema details, such as the schema ID, version number, and the schema definition itself.

**Answer:** A",
265,schema-registry-questions3-q24,Schema-Registry,Questions3,24,No,What is the purpose of the `kafkastore.topic` configuration in the Confluent Schema Registry?,To specify the Kafka topic where the Schema Registry stores its schema data,To define the compatibility setting for schema evolution,To set the frequency at which the Schema Registry checks for schema updates,To configure the retention period for old schema versions,,,A,"**Explanation:**
The `kafkastore.topic` configuration in the Confluent Schema Registry is used to specify the Kafka topic where the Schema Registry stores its schema data. The Schema Registry uses Kafka as its underlying storage mechanism to persist and distribute schema information across multiple instances. By default, the Schema Registry creates a Kafka topic named `_schemas` to store the schema data. However, you can customize the topic name by setting the `kafkastore.topic` configuration property. This allows you to use a different topic name if needed, such as in cases where you have multiple Schema Registry instances or want to segregate schema data from other Kafka topics.

**Answer:** A",
266,schema-registry-questions3-q25,Schema-Registry,Questions3,25,No,What is the default compatibility setting in the Confluent Schema Registry for schema evolution?,BACKWARD,FORWARD,FULL,NONE,,,A,"**Explanation:**
The default compatibility setting in the Confluent Schema Registry for schema evolution is BACKWARD. When a new version of a schema is registered, the Schema Registry checks its compatibility with the existing schema versions based on the configured compatibility setting. The BACKWARD compatibility setting ensures that a new schema can be used to read data written by the previous schema version. In other words, consumers using the new schema can still read data produced with the old schema. This is the most commonly used compatibility setting as it allows for schema evolution while maintaining backward compatibility. If you require different compatibility rules, you can change the setting to FORWARD, FULL, or NONE based on your specific requirements.

**Answer:** A",
267,schema-registry-questions3-q26,Schema-Registry,Questions3,26,No,How can you change the compatibility setting for a specific subject in the Confluent Schema Registry using its REST API?,Send a PUT request to `/config/<subject>`,Send a POST request to `/config/<subject>`,Send a PUT request to `/compatibility/<subject>`,Send a POST request to `/compatibility/<subject>`,,,A,"**Explanation:**
To change the compatibility setting for a specific subject in the Confluent Schema Registry using its REST API, you need to send a PUT request to the endpoint `/config/<subject>`. The `<subject>` placeholder represents the name of the schema subject for which you want to modify the compatibility setting. In the request body, you need to provide the new compatibility setting as a JSON object. For example:

```json
{
  ""compatibility"": ""FULL""
}
```",
268,schema-registry-questions3-q27,Schema-Registry,Questions3,27,No,What is the impact of removing a required field that has a default value in an Avro schema?,It is a backward compatible change,It is a forward compatible change,It is both a backward and forward compatible change,It is an incompatible change,,,A,"**Explanation:**
Removing a required field that has a default value in an Avro schema is a backward compatible change. It means that data written with the new schema can be read by applications using the old schema.

When a field with a default value is removed, the old schema still expects that field to be present. However, when reading data written with the new schema (which doesn't contain the removed field), the old schema will automatically fill in the default value for the missing field. This ensures that the old schema can still read and process the data correctly.

On the other hand, removing a required field is not a forward compatible change. Applications using the new schema will not be able to read data written with the old schema because the required field is expected but not present in the old data.

Therefore, removing a required field with a default value is a backward compatible change, allowing old applications to read data written with the new schema, but not vice versa.

**Answer:** A",
269,schema-registry-questions3-q28,Schema-Registry,Questions3,28,No,What compatibility level is maintained when adding a new optional field to an Avro schema?,Backward compatibility,Forward compatibility,Full compatibility,No compatibility,,,C,"**Explanation:**
Adding a new optional field to an Avro schema maintains both backward and forward compatibility, which is known as full compatibility.

When a new optional field is added to the schema, it means that the field is not required and has a default value. This change is backward compatible because data written with the new schema can be read by applications using the old schema. The old schema will simply ignore the additional optional field that it doesn't recognize.

Additionally, adding an optional field is forward compatible because data written with the old schema can still be read by applications using the new schema. The new schema will treat the missing optional field as having its default value.

Since both backward and forward compatibility are maintained, adding a new optional field to an Avro schema provides full compatibility. It allows both old and new applications to read data written with either schema version.

**Answer:** C",
270,schema-registry-questions3-q29,Schema-Registry,Questions3,29,No,What is the effect of changing the data type of a field in an Avro schema?,It is a backward compatible change,It is a forward compatible change,It is both a backward and forward compatible change,It is an incompatible change,,,D,"**Explanation:**
Changing the data type of a field in an Avro schema is an incompatible change. It breaks both backward and forward compatibility.

When the data type of a field is changed, it means that the serialized representation of the data for that field is different between the old and new schemas. Applications using the old schema will not be able to deserialize data written with the new schema correctly because the data type of the field has changed. Similarly, applications using the new schema will not be able to deserialize data written with the old schema correctly.

For example, if a field's data type is changed from an integer to a string, the serialized data will be different, and the applications expecting an integer will fail to deserialize the string value correctly.

Therefore, changing the data type of a field in an Avro schema is an incompatible change that breaks both backward and forward compatibility. It requires careful consideration and coordination between producers and consumers to handle the schema evolution properly.

**Answer:** D",
271,schema-registry-questions3-q30,Schema-Registry,Questions3,30,No,"In the Confluent Schema Registry, what is the default compatibility setting for new schemas?",BACKWARD,FORWARD,FULL,NONE,,,A,"**Answer:** A

**Explanation:**
The Confluent Schema Registry default compatibility type is BACKWARD . The main reason that BACKWARD compatibility mode is the default, and preferred for Kafka, is so that you can rewind consumers to the beginning of the topic.

- BACKWARD compatibility means that data written with a new schema can be read by code using an old schema.
- FORWARD compatibility means that data written with an old schema can be read by code using a new schema.
- FULL compatibility means that both BACKWARD and FORWARD compatibilities are required.
- NONE means that no compatibility checking is performed.",
272,schema-registry-questions4-q31,Schema-Registry,Questions4,31,No,Where does the Confluent Schema Registry store its own configuration?,In Zookeeper,In a Kafka topic,On the filesystem,In a database,,,A,"**Answer:** A

**Explanation:**
The Confluent Schema Registry uses Zookeeper to store its own configuration. When the Schema Registry starts up, it reads its configuration from a Zookeeper path, which defaults to `/schema-registry`.

Some of the key configuration properties stored in Zookeeper include:

- `kafkastore.topic`: The Kafka topic that the Schema Registry uses to store schema data.
- `master.eligibility`: Whether the instance is eligible to be the master.
- `host.name`: The host name to use for the Schema Registry instance.
- `port`: The port to run the Schema Registry instance on.

So while the Schema Registry uses a Kafka topic to store the actual schema data, it uses Zookeeper for its own configuration.

- B is incorrect because while the Schema Registry does use a Kafka topic, it's for schema data, not its own configuration.
- C and D are incorrect because the Schema Registry does not use the filesystem or a database for its configuration.",
273,schema-registry-questions4-q32,Schema-Registry,Questions4,32,No,How does the Confluent Schema Registry ensure high availability?,By running multiple instances and electing a master,By relying on the availability of the underlying Kafka cluster,By replicating data across multiple Zookeeper instances,By using a distributed consensus protocol among instances,,,A,"**Answer:** A

**Explanation:**
The Confluent Schema Registry is designed to be highly available by allowing multiple instances to run in a cluster mode. When running in cluster mode:

- Each instance of the Schema Registry is equal - there is no designated leader or follower.
- Instances communicate with each other via Kafka.
- One instance is elected the ""master"" at any given time. The master is responsible for handling all write requests (new schemas, config changes, etc.).
- All instances can serve read requests, whether they are the master or not.
- If the master goes down, a new master is automatically elected from the remaining instances.

This master election process ensures that there is always one instance responsible for consistency of writes, while reads can be served from any instance for high availability and scalability.

- B is incorrect because while the Schema Registry does rely on Kafka, it has its own high availability mechanism beyond just relying on Kafka's availability.
- C is incorrect because while the Schema Registry does use Zookeeper, it doesn't replicate its own data across Zookeeper instances for high availability.
- D is incorrect because the Schema Registry doesn't use a distributed consensus protocol like Raft or Paxos among its instances. It uses a simpler master election process.",
274,security-questions1-q1,Security,Questions1,1,No,Where are the ACLs stored in a Kafka cluster by default at Zookeeper mode cluster?,In the Kafka topic `_acls`,Inside the broker's data directory,In Zookeeper node `/kafka-acl/`,In a separate ACL server,,,C,"**Answer:** C

**Explanation:**
ACLs are stored in Zookeeper by default under the `/kafka-acl/` znode. This allows all brokers to access the ACL information in a consistent manner.

- A is incorrect because there is no `_acls` topic used for storing ACLs.
- B is incorrect as ACLs are not stored on the broker's data directories.
- D is incorrect because there is no separate ACL server. ACLs are managed within the Kafka cluster itself.

Note: 
For newer versions of Kafka that operate without Zookeeper, the ACLs are stored in an internal Kafka topic instead of Zookeeper. This change is part of the KIP-500 proposal, which aims to remove Zookeeper from Kafka and improve scalability and management. The internal topic used for storing ACLs in Kafka versions without Zookeeper is named `__cluster_metadata`.

Therefore, for Kafka clusters that do not use Zookeeper, the correct answer would be: The Kafka topic `__cluster_metadata`.",
275,security-questions1-q2,Security,Questions1,2,No,What Kafka CLI command can be used to add new ACL rules to a running Kafka cluster?,`kafka-acls.sh`,`kafka-configs.sh`,`kafka-topics.sh`,`kafka-console-producer.sh`,,,A,"**Answer:** A

**Explanation:**
The `kafka-acls.sh` CLI tool is used to manage ACLs in Kafka. It allows adding, removing or listing ACL rules in a running cluster.

- B is used for altering configs, not ACLs.
- C is used for managing topics, not ACLs.
- D is used for producing messages, not managing ACLs.",
276,security-questions1-q3,Security,Questions1,3,No,Which of the following is NOT a valid resource type when defining ACLs in Kafka?,Topic,Consumer Group,Cluster,Partition,,,D,"**Answer:** D

**Explanation:**
In Kafka, ACLs can be defined for resource types like Topic, Consumer Group, Cluster, and others. However, Partition is not a valid resource type for defining ACLs.

- A, B, C are all valid resource types for ACLs.
- D is invalid because ACLs are defined at the topic level, not individual partition level. The topic resource type covers all its partitions.",
277,security-questions1-q4,Security,Questions1,4,No,What is the purpose of ACLs (Access Control Lists) in Kafka?,To encrypt messages for secure communication between clients and brokers,To authenticate clients and authorize their access to Kafka resources,To compress messages for efficient storage and transmission,To validate the schema of messages produced to Kafka topics,,,B,"**Answer:** B

**Explanation:**
ACLs (Access Control Lists) in Kafka are used to authenticate clients and authorize their access to Kafka resources. They provide a mechanism to control and restrict the actions that clients can perform on Kafka brokers, topics, and other resources. ACLs allow you to define permissions for specific users or groups, specifying which operations they are allowed to perform on particular resources. By configuring ACLs, you can enforce security policies and ensure that clients have the appropriate privileges to access and interact with Kafka. ACLs help in securing Kafka clusters by preventing unauthorized access and protecting sensitive data. They are a key component of Kafka's security model, along with other features like authentication and encryption.",
278,security-questions1-q5,Security,Questions1,5,No,How are ACLs stored and managed in Kafka for KRaft mode?,ACLs are stored in a Controller node's local file system and managed using Kafka command-line tools,ACLs are stored in the `__cluster_metadata` topic and managed using Kafka command-line tools,ACLs are stored in a dedicated ACL server and managed through a REST API,ACLs are stored in the Kafka broker's local file system and managed using configuration files,,,B,"**Answer:** B

**Explanation:**
The default authorizer (for ZooKeeper Kafka) is `AclAuthorizer`, which you specify in each broker's configuration: ``authorizer.class.name=kafka.security.authorizer.AclAuthorizer``.
However, if you are using Kafka's native consensus implementation based on KRaft then you'll use a new built-in ``StandardAuthorizer`` that doesn't depend on ZooKeeper.
``StandardAuthorizer`` accomplishes all of the same things that ``AclAuthorizer`` does for ZooKeeper-dependent clusters, and it stores its ACLs in the ``__cluster_metadata`` metadata topic.
See [Confluent course on authorization](https://developer.confluent.io/courses/security/authorization/#:~:text=it%20stores%20its%20ACLs%20in%20the%20__cluster_metadata%20metadata%20topic)",
279,security-questions1-q6,Security,Questions1,6,No,What happens when a client tries to perform an operation that is not allowed by the configured ACLs?,"The operation is performed, but a warning is logged in the Kafka broker logs","The operation is rejected, and the client receives an authorization error","The operation is performed, but the message is flagged as unauthorized",The operation is delayed until the necessary ACLs are added,,,B,"**Answer:** B

**Explanation:**
When a client tries to perform an operation that is not allowed by the configured ACLs, the operation is rejected, and the client receives an authorization error. Kafka brokers enforce the ACLs by checking the permissions of the client against the requested operation and resource. If the client does not have the necessary privileges, the broker denies the operation and returns an authorization error to the client. The client can then handle the error accordingly, such as logging the failure, retrying with different credentials, or propagating the error to the application. The unauthorized operation is not performed, and no data is processed or modified. This behavior ensures that Kafka maintains the integrity and security of the system by strictly enforcing the defined access control rules.",
280,security-questions1-q7,Security,Questions1,7,No,What is the purpose of the `CreateTopics` ACL operation in Kafka?,To allow a client to create new topics in a Kafka cluster,To permit a client to produce messages to a specific topic,To grant a client permission to delete topics from a Kafka cluster,To enable a client to modify the configuration of existing topics,,,A,"**Answer:** A

**Explanation:**
The `CreateTopics` ACL operation in Kafka is used to allow a client to create new topics in a Kafka cluster. When a client has been granted the `CreateTopics` permission, it is authorized to send requests to the Kafka brokers to create new topics. This ACL operation is typically assigned to administrative clients or applications responsible for managing the topic lifecycle in a Kafka cluster. By default, Kafka brokers are configured to require `CreateTopics` permission for any client attempting to create a new topic. This ensures that only authorized clients can create topics and helps maintain control over the topic management process in the cluster.",
281,security-questions1-q8,Security,Questions1,8,No,What is the difference between `Read` and `Write` ACL operations in Kafka?,"`Read` allows consuming messages, while `Write` allows producing messages","`Read` allows producing messages, while `Write` allows consuming messages","`Read` allows modifying topic configurations, while `Write` allows deleting topics",`Read` and `Write` are equivalent and can be used interchangeably,,,A,"**Answer:** A

**Explanation:**
In Kafka, the `Read` ACL operation allows a client to consume messages from a specific topic, while the `Write` ACL operation allows a client to produce messages to a specific topic. The `Read` permission grants the client the ability to read and fetch messages from the topic, including the metadata required for consumption. On the other hand, the `Write` permission authorizes the client to send messages to the topic and update its content. It's important to note that `Read` and `Write` operations are distinct and serve different purposes. A client with `Read` permission cannot produce messages, and a client with `Write` permission cannot consume messages. The permissions are specific to the respective operations and should be granted based on the client's intended actions.",
282,security-questions1-q9,Security,Questions1,9,No,How can you grant a client permission to describe topics and consumer groups in a Kafka cluster?,Assign the `DescribeConfigs` ACL operation to the client,Grant the `Describe` ACL operation to the client,Provide the `AlterConfigs` ACL operation to the client,Give the `IdempotentWrite` ACL operation to the client,,,B,"**Answer:** B

**Explanation:**
To grant a client permission to describe topics and consumer groups in a Kafka cluster, you need to assign the `Describe` ACL operation to the client. The `Describe` permission allows a client to view the metadata and details of topics and consumer groups without the ability to modify or delete them. With the `Describe` ACL, a client can send requests to the Kafka brokers to retrieve information such as the list of partitions, replica assignments, and configuration settings for topics. It can also query the state and membership of consumer groups. The `Describe` ACL is commonly used by monitoring and administrative tools to gather information about the Kafka cluster's state without making any changes to the topics or consumer groups.",
283,security-questions1-q10,Security,Questions1,10,No,What is the purpose of the `ssl.keystore.location` and `ssl.keystore.password` configurations in Kafka?,To specify the location and password of the truststore for verifying client certificates,To specify the location and password of the keystore for broker authentication,To specify the location and password of the keystore for client authentication,To specify the location and password of the truststore for broker authentication,,,B,"**Answer:** B

**Explanation:**
In Kafka, the `ssl.keystore.location` and `ssl.keystore.password` configurations are used to specify the location and password of the keystore for broker authentication. When SSL/TLS is enabled for inter-broker communication or client-broker communication, each Kafka broker needs to have a keystore that contains its private key and certificate. The `ssl.keystore.location` configuration points to the file path of the keystore on the broker's file system, while the `ssl.keystore.password` configuration provides the password required to access the keystore. These configurations are essential for setting up SSL/TLS authentication on the broker side, allowing the broker to securely authenticate itself to clients and other brokers.",
284,security-questions2-q11,Security,Questions2,11,No,What is the role of the `ssl.truststore.location` and `ssl.truststore.password` configurations in Kafka?,To specify the location and password of the keystore for storing the broker's private key,To specify the location and password of the truststore for storing trusted client certificates,To specify the location and password of the keystore for storing trusted broker certificates,To specify the location and password of the truststore for verifying broker certificates,,,D,"**Explanation:**

The `ssl.truststore.location` and `ssl.truststore.password` configurations in Kafka are used to specify the location and password of the truststore for verifying broker certificates. In an SSL/TLS setup, the truststore contains the trusted certificates of the Kafka brokers. When a client or another broker establishes a secure connection to a Kafka broker, it uses the certificates in the truststore to verify the identity of the broker. The `ssl.truststore.location` configuration specifies the file path of the truststore on the client or broker's file system, and the `ssl.truststore.password` configuration provides the password needed to access the truststore. These configurations are crucial for enabling trust verification and ensuring secure communication between clients and brokers.

**Answer:** D",
285,security-questions2-q12,Security,Questions2,12,No,How can you enable SSL/TLS encryption for communication between Kafka brokers?,Set `ssl.enabled.protocols` to `SSL` in the broker configuration,Set `security.inter.broker.protocol` to `SSL` in the broker configuration,Set `ssl.client.auth` to `required` in the broker configuration,Set `ssl.endpoint.identification.algorithm` to `HTTPS` in the broker configuration,,,B,"**Explanation:**

To enable SSL/TLS encryption for communication between Kafka brokers, you need to set the `security.inter.broker.protocol` configuration to `SSL` in the broker configuration. By default, Kafka brokers communicate with each other using plaintext. By setting `security.inter.broker.protocol` to `SSL`, you instruct the brokers to use SSL/TLS encryption for inter-broker communication. This ensures that all data exchanged between brokers, including replication traffic and controller communication, is encrypted and secure. When enabling SSL/TLS for inter-broker communication, you also need to configure the appropriate SSL/TLS settings, such as the keystore and truststore locations and passwords, to establish secure connections between the brokers.

**Answer:** B",
286,security-questions2-q13,Security,Questions2,13,No,What is the purpose of the `ssl.client.auth` configuration in Kafka?,To specify the SSL/TLS protocol version to be used for client authentication,To enable or disable SSL/TLS encryption for client connections,"To configure the client authentication mode (none, optional, or required)",To set the location of the client certificate for authentication,,,C,"**Explanation:**

The `ssl.client.auth` configuration in Kafka is used to configure the client authentication mode when SSL/TLS is enabled. It determines how the Kafka broker handles client authentication during the SSL/TLS handshake process. The `ssl.client.auth` configuration can be set to one of three values:

- `none`: Client authentication is not required. The broker does not request or verify client certificates.
- `requested`: Client authentication is optional. The broker requests client certificates but does not require them. If a client provides a certificate, it will be verified.
- `required`: Client authentication is mandatory. The broker requires clients to provide a valid certificate for authentication.

- B. configuring `ssl.client.auth`, you can enforce the desired level of client authentication security in your Kafka cluster.

**Answer:** C

**Area:** Security",
287,security-questions2-q14,Security,Questions2,14,No,What happens when `ssl.client.auth` is set to `required` in the Kafka broker configuration?,Clients are required to provide a valid certificate for authentication,Clients can choose to provide a certificate optionally,"Client authentication is disabled, and no certificates are requested",The broker uses the default SSL/TLS protocol version for client authentication,,,A,"**Explanation:**

When the `ssl.client.auth` configuration is set to `required` in the Kafka broker configuration, clients are required to provide a valid certificate for authentication. In this mode, the Kafka broker enforces mandatory client authentication during the SSL/TLS handshake process. When a client establishes a connection to the broker, the broker requests the client's certificate and verifies its validity against the trusted certificates stored in the broker's truststore. Only clients with a valid and trusted certificate are allowed to proceed with the connection. If a client fails to provide a certificate or provides an invalid certificate, the connection is rejected. Setting `ssl.client.auth` to `required` ensures that all clients connecting to the Kafka cluster are authenticated and trusted.

**Answer:** A",
288,security-questions2-q15,Security,Questions2,15,No,What is the default value of the `ssl.client.auth` configuration in Kafka?,`none`,`requested`,`required`,`optional`,,,A,"**Explanation:**

The default value of the `ssl.client.auth` configuration in Kafka is `none`. When `ssl.client.auth` is not explicitly set in the Kafka broker configuration, it assumes the default value of `none`. In this mode, client authentication is not required, and the Kafka broker does not request or verify client certificates during the SSL/TLS handshake process. Clients can establish connections to the broker without providing any authentication credentials. This default behavior prioritizes simplicity and ease of use but does not enforce client authentication. If you need to enable client authentication, you must explicitly set `ssl.client.auth` to `requested` or `required` in the broker configuration.

**Answer:** A",
289,security-questions2-q16,Security,Questions2,16,No,What is the purpose of the `sasl.kerberos.service.name` configuration in Kafka?,To specify the Kerberos principal name for the Kafka broker,To set the Kerberos realm for SASL authentication,To configure the Kerberos key distribution center (KDC) hostname,To define the service name used by Kafka brokers for SASL authentication,,,D,"**Explanation:**

The `sasl.kerberos.service.name` configuration in Kafka is used to define the service name used by Kafka brokers for SASL authentication when Kerberos is enabled. In a Kerberos-based SASL authentication setup, Kafka clients and brokers use Kerberos tickets to authenticate with each other. The `sasl.kerberos.service.name` configuration specifies the service name that Kafka brokers use to obtain Kerberos tickets from the Kerberos key distribution center (KDC). This service name is typically set to `kafka` but can be customized based on your Kerberos setup. It is important to ensure that the service name configured in Kafka matches the service name used in the Kerberos principal and keytab files for the Kafka brokers.

**Answer:** D",
290,security-questions2-q17,Security,Questions2,17,No,What is the role of the `sasl.jaas.config` configuration in Kafka SASL authentication?,To specify the path to the JAAS configuration file for SASL authentication,"To set the SASL mechanism to be used for authentication (e.g., PLAIN, SCRAM)",To configure the SASL client and server callbacks for authentication,To enable or disable SASL authentication in Kafka,,,C,"**Explanation:**

The `sasl.jaas.config` configuration in Kafka is used to specify the JAAS (Java Authentication and Authorization Service) configuration for SASL authentication. JAAS is a pluggable authentication framework used by Kafka to configure and handle authentication mechanisms. The `sasl.jaas.config` configuration allows you to provide the necessary authentication details, such as the login module, principal, and credentials, directly in the Kafka configuration. It eliminates the need for a separate JAAS configuration file. The value of `sasl.jaas.config` is a string that represents the JAAS configuration, including the login module class, principal, and any additional options required for authentication. It is a convenient way to configure SASL authentication settings directly in the Kafka broker or client configuration.

**Answer:** C",
291,security-questions2-q18,Security,Questions2,18,No,What is the purpose of the `sasl.mechanism` configuration in Kafka SASL authentication?,"To specify the SASL mechanism to be used for authentication (e.g., PLAIN, SCRAM)",To configure the SASL client and server callbacks for authentication,To set the path to the JAAS configuration file for SASL authentication,To enable or disable SASL authentication in Kafka,,,A,"**Explanation:**

The `sasl.mechanism` configuration in Kafka is used to specify the SASL mechanism to be used for authentication. SASL (Simple Authentication and Security Layer) is a framework that provides authentication and optional encryption for network protocols. Kafka supports multiple SASL mechanisms, such as PLAIN, SCRAM (Salted Challenge Response Authentication Mechanism), and GSSAPI (Kerberos). The `sasl.mechanism` configuration allows you to choose the specific SASL mechanism that Kafka should use for authentication. For example, setting `sasl.mechanism=PLAIN` configures Kafka to use the PLAIN mechanism, which transmits credentials in plaintext. Setting `sasl.mechanism=SCRAM-SHA-256` configures Kafka to use the SCRAM mechanism with SHA-256 hashing for secure password-based authentication. The available SASL mechanisms depend on the Kafka version and the security libraries installed.

**Answer:** A",
292,security-questions2-q19,Security,Questions2,19,No,What security protocol does Kafka use by default for communication between clients and brokers?,SSL/TLS,SASL_PLAINTEXT,PLAINTEXT,SASL_SSL,,,C,"**Explanation:**

- B. default, Kafka uses the PLAINTEXT security protocol for communication between clients and brokers. The PLAINTEXT protocol does not provide any encryption or authentication and sends data in plain text over the network. It is the simplest and most basic security protocol in Kafka, offering no security measures out of the box. While PLAINTEXT is the default protocol, it is not recommended for production environments or sensitive data transmission. Instead, it is strongly advised to use more secure protocols like SSL/TLS (SSL) or SASL (SASL_PLAINTEXT or SASL_SSL) to ensure data confidentiality, integrity, and authentication between clients and brokers.

**Answer:** C",
293,security-questions2-q20,Security,Questions2,20,No,Which security protocol in Kafka provides encryption for data in transit but does not offer authentication?,PLAINTEXT,SASL_PLAINTEXT,SSL,SASL_SSL,,,C,"In Kafka, the SSL security protocol provides encryption for data in transit between clients and brokers but does not offer authentication. When the SSL protocol is used, all the data exchanged between clients and brokers is encrypted using SSL/TLS, ensuring confidentiality and integrity of the data. However, SSL alone does not handle authentication of the clients or brokers. It focuses solely on encrypting the communication channel. To achieve authentication in conjunction with encryption, you need to use the SASL_SSL protocol, which combines SSL encryption with SASL authentication. Alternatively, you can use SSL with separate authentication mechanisms like client certificates or Kerberos.

**Answer:** C",
294,security-questions3-q21,Security,Questions3,21,No,Which security protocol in Kafka provides both encryption and authentication for client-broker communication?,PLAINTEXT,SASL_PLAINTEXT,SSL,SASL_SSL,,,D,"**Answer:** D

**Explanation:**
The SASL_SSL security protocol in Kafka provides both encryption and authentication for client-broker communication. SASL_SSL combines the benefits of SSL/TLS encryption with SASL authentication mechanisms. When SASL_SSL is used, the data exchanged between clients and brokers is encrypted using SSL/TLS, ensuring confidentiality and integrity. Additionally, SASL authentication is employed to authenticate the clients and brokers. SASL (Simple Authentication and Security Layer) supports various authentication mechanisms, such as PLAIN, SCRAM, and GSSAPI (Kerberos). By using SASL_SSL, you can achieve both encryption and authentication in a single protocol, providing a high level of security for your Kafka cluster.",
295,topic-questions1-q1,Topic,Questions1,1,Yes,Which of the following statements about `acks` and `min.insync.replicas` are true? (Select all that apply),"`acks` is a producer configuration, while `min.insync.replicas` is a topic configuration",`acks` and `min.insync.replicas` are both producer configurations,`acks` and `min.insync.replicas` are both topic configurations,`acks=all` and `min.insync.replicas=1` provides the strongest durability guarantee,`acks=1` and `min.insync.replicas=2` provides the strongest durability guarantee,"For `acks=all` to provide any additional durability over `acks=1`, `min.insync.replicas` must be greater than 1","A, F","**Answer:** A, F

**Explanation:**
`acks` and `min.insync.replicas` are two crucial configurations in Kafka that work together to control the durability of writes:

- `acks` is a producer configuration that specifies how many acknowledgments the producer requires the leader to have received before considering a write successful.
- `min.insync.replicas` is a topic-level configuration (which can also be set as a broker default) that specifies the minimum number of replicas that must acknowledge a write for the write to be considered successful.

For `acks=all` to provide any additional durability guarantee over `acks=1`, `min.insync.replicas` must be set to a value greater than 1. If `min.insync.replicas=1`, then `acks=all` and `acks=1` are effectively equivalent, as the leader will acknowledge the write as soon as it has been written to its own log, regardless of the state of the followers.

- B and C are incorrect because `acks` and `min.insync.replicas` are configurations at different levels (producer and topic/broker, respectively).
- D is incorrect because `acks=all` with `min.insync.replicas=1` is no stronger than `acks=1`.
- E is incorrect because `acks=1` does not interact with `min.insync.replicas` at all, so this combination does not provide the strongest durability guarantee.",
296,topic-questions1-q2,Topic,Questions1,2,No,What is the relationship between `unclean.leader.election.enable` and `min.insync.replicas`?,They control the same thing and should always be set to the same value,`unclean.leader.election.enable` overrides `min.insync.replicas`,They are independent and one does not affect the other,"If `unclean.leader.election.enable=true`, `min.insync.replicas` can be violated during leader election",,,D,"**Answer:** D

**Explanation:**
`unclean.leader.election.enable` and `min.insync.replicas` are two Kafka configurations that can interact in certain scenarios:

- `unclean.leader.election.enable` is a broker configuration that controls whether a replica that is out of sync with the leader can be elected as the new leader if the existing leader fails.
- `min.insync.replicas` is a topic-level configuration that specifies the minimum number of replicas that must be in-sync with the leader for writes to succeed.

Normally, a replica that is not fully in-sync with the leader cannot be elected as the new leader. This protects against data loss, as an out-of-sync replica may be missing some of the latest messages.

However, if `unclean.leader.election.enable` is set to `true`, this protection is disabled. In this case, if all the in-sync replicas fail and only out-of-sync replicas remain, one of those out-of-sync replicas can be elected as the new leader. This can violate `min.insync.replicas` and potentially lead to data loss, but it allows the partition to remain available.

- A and C are incorrect because the two configurations do not control the same thing and they are not completely independent.
- B is incorrect because `unclean.leader.election.enable` does not override `min.insync.replicas`, it just allows it to be violated in certain edge cases.",
297,topic-questions1-q3,Topic,Questions1,3,No,A Kafka cluster has 3 brokers. You create a topic with 6 partitions and 2 consumers in a consumer group subscribed to this topic. What is the maximum number of partitions that can be assigned to a single consumer?,1,2,3,6,,,D,"**Answer:** D

**Explanation:**
In Kafka, the number of partitions assigned to each consumer in a consumer group depends on the total number of partitions and the number of consumers. Kafka's goal is to evenly distribute partitions among consumers, but if there are more partitions than consumers, some consumers will necessarily handle more partitions.

In this case, with 6 partitions and 2 consumers, the maximum number of partitions that can be assigned to a single consumer is 6. This would happen if one consumer is assigned 4 partitions and the other is assigned 2 partitions.

It's important to note that having more partitions than consumers is a valid and common configuration. It allows for adding more consumers later to scale out consumption throughput.

- A, B, and C are incorrect because they do not represent the maximum possible assignment. With 6 partitions and 2 consumers, it's possible for a consumer to be assigned more than 3 partitions.",
298,topic-questions1-q4,Topic,Questions1,4,No,A topic has 10 partitions and a replication factor of 3. There are 2 consumers in a consumer group subscribed to this topic. The cluster has 5 brokers. How would the partitions be assigned to the consumers to achieve maximum throughput?,"Consumer 1: Partitions 0-4, Consumer 2: Partitions 5-9","Consumer 1: Partitions 0-9 and 0-1 replicas, Consumer 2: Partitions 0-9 and 3. replicas","Consumer 1: Partitions 0, 1, 2, Consumer 2: Partitions 3, 4, 5, Unassigned: 6, 7, 8, 9",Consumer 1: Partitions 0-9,,,A,"**Answer:** A

**Explanation:**
To achieve maximum throughput, Kafka aims to evenly distribute the partitions among the available consumers in a consumer group. This allows for parallel consumption of data.

In this case, with 10 partitions and 2 consumers, the optimal distribution for maximum throughput is:

- Consumer 1: Partitions 0, 1, 2, 3, 4
- Consumer 2: Partitions 5, 6, 7, 8, 9

This way, each consumer handles 5 partitions, and all partitions are being consumed concurrently.

The replication factor and the number of brokers do not directly affect the partition assignment to consumers. The replication factor is about data durability and the number of brokers is about the cluster's capacity, but the consumer-partition assignment is handled independently by the consumer group coordinator.

- B is not acceptable because consumer groups do not consume from different replicas.
- C is suboptimal because it leaves some partitions unassigned, reducing total throughput.
- D is incorrect because it assigns all partitions to a single consumer, eliminating the benefits of parallel consumption.",
299,topic-questions1-q5,Topic,Questions1,5,No,Which of the following statements about Kafka topic configurations is true?,Topic configurations can only be set when a topic is first created and cannot be changed later,Topic configurations can be changed dynamically using the `kafka-configs.sh` tool,Topic configurations are stored in Zookeeper and are not accessible through the Kafka broker,Topic configurations are stored in the Kafka broker's configuration file and require a broker restart to take effect,,,B,"**Answer:** B

**Explanation:**
In Kafka, topic configurations can be changed dynamically using the `kafka-configs.sh` tool without requiring a broker restart.

Kafka provides a way to modify topic configurations on the fly through the `kafka-configs.sh` command-line tool. This tool allows you to alter topic configurations such as retention policy, replication factor, and other topic-level settings.

When you modify a topic configuration using `kafka-configs.sh`:

1. The updated configuration is stored in Zookeeper.
2. The Kafka brokers read the updated configuration from Zookeeper and apply the changes to the topic.
3. The changes take effect immediately without requiring a restart of the Kafka brokers.

This dynamic configuration capability allows for flexibility in managing topic settings without impacting the availability of the Kafka cluster.

Statement A is incorrect because topic configurations can be changed after a topic is created. You don't have to define all configurations upfront and stick with them permanently.

Statement C is partially correct but incomplete. Topic configurations are indeed stored in Zookeeper, but they are also accessible through the Kafka brokers. The brokers read the configurations from Zookeeper and apply them to the topics.

Statement D is incorrect because topic configurations are not stored in the broker's configuration file. They are stored in Zookeeper, and changes do not require a broker restart.",
300,topic-questions1-q6,Topic,Questions1,6,No,What is the default cleanup policy for Kafka topics?,Delete,Compact,Delete and Compact,None,,,A,"**Answer:** A


**Explanation:**
The default cleanup policy for Kafka topics is ""Delete"".

In Kafka, the cleanup policy determines how Kafka handles old log segments when the retention time or size limit is reached. There are two cleanup policies available:

1. Delete: This is the default policy. When the retention time or size limit is reached, Kafka deletes old log segments to free up space. This means that old messages are permanently removed based on the retention configuration.

2. Compact: With the compact policy, Kafka periodically compacts the log by removing obsolete records based on the message key. If a key appears multiple times in the log, only the latest value is retained, and the older duplicates are discarded. This is useful for maintaining a changelog or snapshot of the latest state for each key.

- B. default, when you create a new topic in Kafka, the cleanup policy is set to ""Delete"". This means that Kafka will automatically delete old log segments based on the retention time or size limit configured for the topic.

If you want to use the ""Compact"" policy for a topic, you need to explicitly set it using the topic configuration `cleanup.policy=compact`. This can be done when creating the topic or by modifying the topic configuration later.

Statements B and C are incorrect because they do not represent the default cleanup policy. ""Compact"" is not the default, and ""Delete and Compact"" is not a valid cleanup policy option.

Statement D is incorrect because Kafka does have a default cleanup policy, which is ""Delete"". It is not the case that no cleanup policy is set by default.",
301,zookeeper-questions1-q1,Zookeeper,Questions1,1,No,What is the purpose of the `process.roles` configuration in KRaft mode?,"To specify whether the server acts as a controller, broker, or both",To set the unique identifier for the server,To define the listeners used by the controller,To configure the metrics reporter for the server,,,A,"**Answer:** A

**Explanation:**
In KRaft mode, the `process.roles` configuration is used to specify whether the server acts as a controller, broker, or both. This configuration is mandatory for KRaft mode and determines the role of the server in the Kafka cluster.

- If set to `broker`, the server operates only as a broker.
- If set to `controller`, the server operates as a controller only.
- If set to `broker,controller`, the server operates in combined mode as both a broker and a controller. However, this mode is not supported for production use.

B, C, and D are incorrect because they do not describe the purpose of the `process.roles` configuration. The unique identifier is set using `node.id`, the listeners used by the controller are defined by `controller.listener.names`, and the metrics reporter is configured separately.",
302,zookeeper-questions1-q2,Zookeeper,Questions1,2,No,What is the recommended value for `process.roles` in a production KRaft cluster?,"`broker,controller`",`broker` for broker nodes and `controller` for controller nodes,`controller` for all nodes,Leave `process.roles` unconfigured,,,B,"**Answer:** B

**Explanation:**
In a production KRaft cluster, it is recommended to separate the roles of brokers and controllers. This means setting `process.roles` to `broker` for nodes that act as Kafka brokers and `controller` for nodes that act as controllers.

Separating the roles provides better isolation and allows for independent scaling of brokers and controllers based on the workload requirements. It also aligns with the best practices for deploying a resilient and scalable Kafka cluster.

A is incorrect because combined mode (`broker,controller`) is not supported for production use. It is only suitable for development and testing purposes.

C is incorrect because having all nodes as controllers would not leave any nodes to handle the actual data storage and message processing.

D is incorrect because leaving `process.roles` unconfigured would mean the cluster is not running in KRaft mode, and would default to the older ZooKeeper-based controller quorum.",
303,zookeeper-questions1-q3,Zookeeper,Questions1,3,No,What is the purpose of the `controller.quorum.voters` configuration in KRaft mode?,To specify the listeners used by the controllers,To set the minimum number of in-sync replicas for the controller quorum,To define the list of voters in the controller quorum,To configure the metrics reporter for the controllers,,,C,"**Answer:** C

**Explanation:**
In KRaft mode, the `controller.quorum.voters` configuration is used to define the list of voters in the controller quorum. This configuration specifies the set of KRaft controllers that participate in the quorum for controller leader election and metadata management.

The `controller.quorum.voters` configuration is a comma-separated list of KRaft controller IDs, each in the format of `{id}@{host}:{port}`. For example:

controller.quorum.voters=1@controller1:9093,2@controller2:9093,3@controller3:9093

All the controllers specified in this list form the voting group for leader election and participate in the metadata replication process.

A is incorrect because the listeners used by the controllers are configured using the `controller.listener.names` property.

B is incorrect because the minimum number of in-sync replicas is not applicable to the controller quorum. The controller quorum operates based on a majority voting system.

D is incorrect because the metrics reporter is configured separately and is not related to the `controller.quorum.voters` configuration.",
304,zookeeper-questions1-q4,Zookeeper,Questions1,4,No,What is the minimum number of controllers required for a KRaft cluster?,1,2,3,4,,,C,"**Answer:** C

**Explanation:**
In a KRaft cluster, the minimum number of controllers required is 3. This is because KRaft uses a majority voting system for leader election and metadata replication.

To achieve a quorum and maintain fault tolerance, the number of controllers in the cluster must be an odd number and at least 3. With 3 controllers, the cluster can tolerate the failure of a single controller while still maintaining a majority for decision making.

Having only 1 or 2 controllers (options A and B) would not provide fault tolerance, as the failure of a single controller would render the cluster unable to make progress.

Having 4 controllers (option D) is a valid configuration but is not the minimum required. The typical recommendation is to have 3 or 5 controllers in a KRaft cluster, depending on the desired level of fault tolerance.",
305,zookeeper-questions1-q5,Zookeeper,Questions1,5,No,What happens if a majority of the controllers in a KRaft cluster become unavailable?,The cluster remains operational with reduced performance,The cluster automatically elects a new set of controllers,The cluster becomes unavailable until a majority of controllers are restored,The brokers take over the responsibilities of the controllers,,,C,"**Answer:** C

**Explanation:**
In a KRaft cluster, if a majority of the controllers become unavailable, the cluster becomes unavailable until a majority of controllers are restored. This is because KRaft relies on a quorum-based system for metadata management and leader election.

When a majority of controllers are unavailable, the remaining controllers do not have enough votes to form a quorum and make decisions. This means that no new leader can be elected, and no metadata changes can be processed. As a result, the cluster becomes unavailable, and no read or write operations can be performed.

To restore the cluster's availability, a majority of the controllers must be brought back online. Once a majority is available, the controllers can elect a leader and resume metadata processing, allowing the cluster to become operational again.

A is incorrect because the cluster does not remain operational with reduced performance. It becomes completely unavailable until a majority of controllers are restored.

B is incorrect because the cluster does not automatically elect a new set of controllers. The existing controllers must be restored to regain a majority.

D is incorrect because the brokers do not take over the responsibilities of the controllers. In KRaft mode, the controllers are separate from the brokers and have specific roles in metadata management.",
306,zookeeper-questions1-q6,Zookeeper,Questions1,6,No,What is the purpose of the `kafka-storage` tool in KRaft mode?,To configure the storage directories for Kafka brokers,To manage the Kafka consumer offsets,To generate a cluster ID and format storage directories,To monitor the disk usage of Kafka brokers,,,C,"**Answer:** C

**Explanation:**
In KRaft mode, the `kafka-storage` tool is used to generate a cluster ID and format the storage directories for Kafka brokers and controllers. This is a necessary step before starting the Kafka cluster.

The `kafka-storage` tool provides two important commands:

1. `random-uuid`: Generates a new cluster ID for the Kafka cluster. For example:

   bin/kafka-storage random-uuid

2. `format`: Formats the storage directories for each broker and controller using the cluster ID. For example:

   bin/kafka-storage format -t <cluster-id> -c <path-to-config-file>

Formatting the storage directories initializes them with the necessary metadata and prepares them for use by the Kafka brokers and controllers.

A is incorrect because the `kafka-storage` tool does not configure the storage directories. It formats them using the cluster ID.

B is incorrect because managing consumer offsets is not the purpose of the `kafka-storage` tool. Consumer offsets are managed internally by Kafka.

D is incorrect because monitoring the disk usage of Kafka brokers is not the responsibility of the `kafka-storage` tool. There are separate monitoring tools and metrics for tracking disk usage.",
307,zookeeper-questions1-q7,Zookeeper,Questions1,7,No,What is the default location for the Kafka metadata log in KRaft mode?,The first directory specified in the `log.dirs` configuration,The directory specified in the `metadata.log.dir` configuration,The directory specified in the `controller.log.dir` configuration,The Kafka data directory,,,A,"**Answer:** A

**Explanation:**
In KRaft mode, the default location for the Kafka metadata log is the first directory specified in the `log.dirs` configuration. If `log.dirs` contains multiple directories, the first directory in the list will be used to store the metadata log.

For example, if `log.dirs` is configured as follows:

log.dirs=/data/kafka-logs-1,/data/kafka-logs-2

The metadata log will be stored in the `/data/kafka-logs-1` directory by default.

To explicitly specify a different directory for the metadata log, you can use the `metadata.log.dir` configuration. If `metadata.log.dir` is set, it will override the default location derived from `log.dirs`.

B is incorrect because `metadata.log.dir` is not the default location. It is an optional configuration that overrides the default location.

C is incorrect because `controller.log.dir` is not a valid configuration in KRaft mode. The metadata log is not specific to controllers.

D is incorrect because there is no specific ""Kafka data directory"" in KRaft mode. The metadata log is stored in the directory specified by `log.dirs` or `metadata.log.dir`.",
308,zookeeper-questions1-q8,Zookeeper,Questions1,8,No,What is the purpose of the `kafka-metadata-quorum` tool in KRaft mode?,To manage the Kafka consumer offsets,To generate a cluster ID for the Kafka cluster,To describe the runtime status of the KRaft metadata quorum,To modify the Kafka topic configurations,,,C,"**Answer:** C

**Explanation:**
In KRaft mode, the `kafka-metadata-quorum` tool is used to describe the runtime status of the KRaft metadata quorum. It provides information about the current state of the KRaft controllers and their metadata replication.

By running the `kafka-metadata-quorum` tool with the `describe` command and the `--status` flag, you can retrieve a summary of the metadata quorum status. For example:

bin/kafka-metadata-quorum --bootstrap-server localhost:9092 describe --status

The output of this command includes information such as:

- Cluster ID
- Leader ID and epoch
- High watermark and maximum follower lag
- Current voters and observers

This information is useful for monitoring the health and status of the KRaft metadata quorum and troubleshooting any issues related to the controllers.

A is incorrect because managing consumer offsets is not the purpose of the `kafka-metadata-quorum` tool. Consumer offsets are managed internally by Kafka.

B is incorrect because generating a cluster ID is not the responsibility of the `kafka-metadata-quorum` tool. The cluster ID is generated using the `kafka-storage` tool.

D is incorrect because modifying Kafka topic configurations is not the purpose of the `kafka-metadata-quorum` tool. Topic configurations can be modified using the `kafka-configs` tool.",
309,zookeeper-questions1-q9,Zookeeper,Questions1,9,No,Which of the following metrics is used to monitor the lag between the active KRaft controller and the last committed record in the metadata log?,"`kafka.controller:type=KafkaController,name=ActiveControllerCount`","`kafka.controller:type=ControllerEventManager,name=EventQueueTimeMs`","`kafka.controller:type=KafkaController,name=LastCommittedRecordOffset`","`kafka.controller:type=KafkaController,name=LastAppliedRecordLagMs`",,,D,"**Answer:** D

**Explanation:**
In KRaft mode, the metric `kafka.controller:type=KafkaController,name=LastAppliedRecordLagMs` is used to monitor the lag between the active KRaft controller and the last committed record in the metadata log.

This metric represents the difference between the local time and the append time of the last applied record batch. It indicates how far behind the active controller is in terms of applying the latest committed records from the metadata log.

- For active controllers, the value of `LastAppliedRecordLagMs` is always zero because they are up to date with the latest committed records.
- For inactive controllers, `LastAppliedRecordLagMs` measures the lag between their last applied record and the current time.

Monitoring `LastAppliedRecordLagMs` helps in detecting if the active controller is experiencing any delays in applying the latest metadata changes and ensures that the metadata state is consistent across all controllers.

A is incorrect because `ActiveControllerCount` represents the number of active controllers in the cluster, not the lag between the active controller and the metadata log.

B is incorrect because `EventQueueTimeMs` measures the time spent by requests in the controller event queue, not the lag between the active controller and the metadata log.

C is incorrect because `LastCommittedRecordOffset` represents the offset of the last committed record in the metadata log, but it does not provide information about the lag between the active controller and the metadata log.",
310,zookeeper-questions1-q10,Zookeeper,Questions1,10,No,"What is the purpose of the `kafka.controller:type=KafkaController,name=OfflinePartitionCount` metric in KRaft mode?",To track the number of partitions without an active leader,To monitor the number of partitions that are under-replicated,To measure the number of partitions that are not being consumed by any consumer,To count the number of partitions that have exceeded their retention time,,,A,"**Answer:** A

**Explanation:**
In KRaft mode, the metric `kafka.controller:type=KafkaController,name=OfflinePartitionCount` is used to track the number of partitions without an active leader.

When a partition loses its leader, either due to a broker failure or a network issue, it becomes offline and unavailable for read and write operations. The `OfflinePartitionCount` metric provides the count of such partitions that are currently offline and do not have an active leader.

Monitoring `OfflinePartitionCount` is important for detecting partition availability issues and ensuring that all partitions have active leaders. A non-zero value for this metric indicates that some partitions are offline and require attention.

B is incorrect because the number of under-replicated partitions is tracked by a separate metric, `kafka.server:type=ReplicaManager,name=UnderReplicatedPartitions`.

C is incorrect because the number of partitions not being consumed by any consumer is not directly related to the `OfflinePartitionCount` metric. Consumer lag and partition consumption are monitored using different metrics.

D is incorrect because the number of partitions that have exceeded their retention time is not related to the `OfflinePartitionCount` metric. Partition retention is managed based on the retention policy configuration and is not directly tied to partition leadership.",
311,zookeeper-questions2-q11,Zookeeper,Questions2,11,No,What is the purpose of the `kafka-dump-log` tool in KRaft mode?,To display the contents of the KRaft metadata log,To modify the Kafka broker configuration,To list the available Kafka topics,To monitor the Kafka cluster performance,,,A,"**Answer:** A

**Explanation:**
In KRaft mode, the `kafka-dump-log` tool is used to display the contents of the KRaft metadata log. It allows you to inspect the log segments and snapshots for the cluster metadata directory.

By running the `kafka-dump-log` tool with the `--cluster-metadata-decoder` flag and specifying the path to the metadata log files, you can decode and print the records in the log segments. For example:

bin/kafka-dump-log --cluster-metadata-decoder --files /path/to/kraft/metadata/log/00000000000000000000.log

This command will scan the specified log files and decode the metadata records, providing insights into the contents of the KRaft metadata log.

B is incorrect because modifying the Kafka broker configuration is not the purpose of the `kafka-dump-log` tool. Broker configurations are typically modified using the `server.properties` file or the `kafka-configs` tool.

C is incorrect because listing the available Kafka topics is not the responsibility of the `kafka-dump-log` tool. You can use the `kafka-topics` tool to list the existing topics in the cluster.

D is incorrect because monitoring the Kafka cluster performance is not the primary function of the `kafka-dump-log` tool. There are dedicated monitoring tools and metrics for tracking cluster performance.",
312,zookeeper-questions2-q12,Zookeeper,Questions2,12,No,What is the purpose of the `kafka-metadata-shell` tool in KRaft mode?,To modify the Kafka broker configuration,To list the available Kafka topics,To monitor the Kafka cluster performance,To interactively inspect the KRaft metadata,,,D,"**Answer:** D

**Explanation:**
In KRaft mode, the `kafka-metadata-shell` tool is used to interactively inspect the KRaft metadata. It provides a shell-like interface for exploring the contents of the metadata log and examining the state of the cluster.

By running the `kafka-metadata-shell` tool and specifying the directory containing the metadata log, you can enter an interactive shell where you can execute various commands to analyze the metadata. For example:

bin/kafka-metadata-shell --snapshot /path/to/kraft/metadata/log

Once inside the shell, you can use commands like `ls` to list the available metadata directories, `cat` to view the contents of specific metadata files, and navigate through the metadata hierarchy.

The `kafka-metadata-shell` tool is particularly useful for debugging and troubleshooting purposes, as it allows you to inspect the internal state of the KRaft metadata in a user-friendly manner.

A is incorrect because modifying the Kafka broker configuration is not the purpose of the `kafka-metadata-shell` tool. Broker configurations are typically modified using the `server.properties` file or the `kafka-configs` tool.

B is incorrect because listing the available Kafka topics is not the responsibility of the `kafka-metadata-shell` tool. You can use the `kafka-topics` tool to list the existing topics in the cluster.

C is incorrect because monitoring the Kafka cluster performance is not the primary function of the `kafka-metadata-shell` tool. There are dedicated monitoring tools and metrics for tracking cluster performance.",
313,zookeeper-questions2-q13,Zookeeper,Questions2,13,No,"What is the significance of the `kafka.controller:type=QuorumController,name=LastCommittedRecordOffset` metric in KRaft mode?",It indicates the offset of the last record that was applied by the controller to the metadata partition,It represents the number of records that have been committed to the metadata partition,It measures the lag between the active controller and the last committed record in the metadata partition,It tracks the offset of the last record that was committed by the active controller,,,D,"**Answer:** D

**Explanation:**
In KRaft mode, the `kafka.controller:type=QuorumController,name=LastCommittedRecordOffset` metric holds significant importance as it tracks the offset of the last record that was committed by the active controller in the metadata partition.

The active controller is responsible for committing records to the metadata partition, which contains crucial information about the cluster's state, such as topic configurations, partition assignments, and broker metadata. The `LastCommittedRecordOffset` metric provides visibility into the progress of the active controller in terms of committing these important records.

Monitoring the `LastCommittedRecordOffset` metric is essential for ensuring that the active controller is making progress and committing new records to the metadata partition. It allows you to track the latest committed offset and detect any potential issues or delays in the commitment process.

A is incorrect because the metric represents the offset of the last committed record, not the last applied record. The last applied record is tracked by a different metric, `kafka.controller:type=QuorumController,name=LastAppliedRecordOffset`.

B is incorrect because the metric represents the offset of the last committed record, not the total number of committed records.

C is incorrect because the metric does not measure the lag between the active controller and the last committed record. The lag is tracked by a separate metric, `kafka.controller:type=QuorumController,name=LastAppliedRecordLagMs`.",
314,zookeeper-questions2-q14,Zookeeper,Questions2,14,No,What is the purpose of the `metadata.max.idle.interval.ms` configuration in KRaft mode?,To set the maximum time allowed for a metadata request to be idle before it is cancelled,To specify the maximum time the active controller can be idle before a new controller is elected,To configure the frequency at which the active controller writes no-op records to the metadata partition,To define the maximum interval allowed between two consecutive metadata log segments,,,C,"**Answer:** C

**Explanation:**
In KRaft mode, the `metadata.max.idle.interval.ms` configuration is used to specify the frequency at which the active controller writes no-op records to the metadata partition.

No-op records, short for ""no operation"" records, are dummy records that the active controller periodically appends to the metadata partition. These records serve as a heartbeat mechanism to keep the metadata partition alive and prevent it from becoming idle for an extended period.

By setting the `metadata.max.idle.interval.ms` configuration, you can control how often the active controller writes these no-op records. The default value is 5000 milliseconds (5 seconds), which means that if no other records are being appended to the metadata partition, the active controller will write a no-op record every 5 seconds.

Writing no-op records helps in maintaining the liveness of the metadata partition and ensures that the followers can continuously replicate the latest metadata changes. It also aids in keeping the metadata partition log up to date and prevents excessive log compaction.

A is incorrect because the `metadata.max.idle.interval.ms` configuration is not related to the idleness of metadata requests. It pertains to the idleness of the metadata partition itself.

B is incorrect because the configuration does not specify the maximum idle time for the active controller before a new controller is elected. Controller election is governed by a separate mechanism.

D is incorrect because the configuration does not define the maximum interval between consecutive metadata log segments. It controls the frequency of writing no-op records within a single log segment.",
315,zookeeper-questions2-q15,Zookeeper,Questions2,15,No,"What is the role of the `kafka.controller:type=QuorumController,name=MaxFollowerLag` metric in KRaft mode?",It measures the maximum lag between the active controller and the last committed record in the metadata partition,It indicates the maximum lag between the active controller and the followers in terms of metadata records,It represents the maximum number of records that a follower can lag behind the active controller,It tracks the maximum lag between the followers and the last applied record in the metadata partition,,,B,"**Answer:** B

**Explanation:**
In KRaft mode, the `kafka.controller:type=QuorumController,name=MaxFollowerLag` metric plays a crucial role in monitoring the health and synchronization of the KRaft controllers. It indicates the maximum lag between the active controller and the followers in terms of metadata records.

The active controller is responsible for appending new records to the metadata partition and advancing the high watermark. The followers continuously replicate these records from the active controller to stay in sync with the latest metadata changes.

The `MaxFollowerLag` metric measures the maximum lag, in terms of the number of records, between the active controller's log end offset (LEO) and the followers' LEO. In other words, it represents how far behind the slowest follower is compared to the active controller.

Monitoring the `MaxFollowerLag` metric is essential to ensure that the followers are keeping up with the active controller and are not falling behind in replicating the metadata records. A high value of `MaxFollowerLag` indicates that one or more followers are lagging significantly, which can impact the overall consistency and reliability of the KRaft cluster.

A is incorrect because the metric measures the lag between the active controller and the followers, not the lag between the active controller and the last committed record.

C is incorrect because the metric represents the actual lag in terms of the number of records, not the maximum allowed lag.

D is incorrect because the metric measures the lag between the active controller and the followers, not the lag between the followers and the last applied record.",
316,zookeeper-questions2-q16,Zookeeper,Questions2,16,No,"What is the significance of the `kafka.server:type=SnapshotEmitter,name=LatestSnapshotGeneratedAgeMs` metric in KRaft mode?",It indicates the age of the latest snapshot in milliseconds since the snapshot was generated,It measures the time taken to generate the latest snapshot in milliseconds,It represents the age of the latest snapshot in milliseconds since the process was started,It tracks the time elapsed since the latest snapshot was loaded in milliseconds,,,A,"**Answer:** A

**Explanation:**
In KRaft mode, the `kafka.server:type=SnapshotEmitter,name=LatestSnapshotGeneratedAgeMs` metric holds significance as it indicates the age of the latest snapshot in milliseconds since the snapshot was generated.

Snapshots play a vital role in the KRaft consensus protocol. They are used to capture the state of the metadata log at a particular point in time and provide a compact representation of the metadata. Snapshots help in reducing the size of the metadata log and enable faster recovery of the controllers during startup or failover.

The `LatestSnapshotGeneratedAgeMs` metric provides information about how long ago the latest snapshot was generated. It measures the time elapsed since the snapshot was created, expressed in milliseconds.

Monitoring the `LatestSnapshotGeneratedAgeMs` metric is important for understanding the freshness of the snapshots and ensuring that snapshots are being generated regularly. A high value of this metric indicates that the latest snapshot is relatively old, and it may be beneficial to trigger a new snapshot generation to capture the latest state of the metadata log.

B is incorrect because the metric measures the age of the latest snapshot, not the time taken to generate it.

C is incorrect because the metric represents the age of the snapshot since it was generated, not since the process was started.

D is incorrect because the metric tracks the age of the generated snapshot, not the time elapsed since the snapshot was loaded.",
317,zookeeper-questions2-q17,Zookeeper,Questions2,17,No,"What is the purpose of the `kafka.controller:type=KafkaController,name=ControlledShutdownCount` metric in KRaft mode?",It measures the number of controlled shutdown requests received by the controller,It indicates the number of brokers that have completed a controlled shutdown,It represents the number of brokers that are currently in the process of controlled shutdown,It tracks the number of controlled shutdown failures experienced by the controller,,,B,"**Answer:** B

**Explanation:**
In KRaft mode, the `kafka.controller:type=KafkaController,name=ControlledShutdownCount` metric serves the purpose of indicating the number of brokers that have completed a controlled shutdown.

Controlled shutdown is a process in which a broker gracefully shuts down after transferring its partitions to other brokers in the cluster. It ensures that the broker's responsibilities are properly handed over and helps in maintaining the overall stability and availability of the Kafka cluster.

The `ControlledShutdownCount` metric keeps track of the number of brokers that have successfully completed the controlled shutdown process. When a broker initiates a controlled shutdown, it communicates with the controller to coordinate the transfer of its partitions. Once the controller confirms that all the partitions have been safely transferred and the broker can be shut down, it increments the `ControlledShutdownCount` metric.

Monitoring the `ControlledShutdownCount` metric provides insights into the number of brokers that have undergone a controlled shutdown. It can be useful for tracking the progress of rolling restarts or planned maintenance activities in the cluster.

A is incorrect because the metric does not measure the number of controlled shutdown requests received by the controller. It focuses on the number of completed shutdowns.

C is incorrect because the metric represents the number of brokers that have completed the controlled shutdown, not the number of brokers currently in the process of shutting down.

D is incorrect because the metric tracks the count of successful controlled shutdowns, not the number of controlled shutdown failures.",
318,zookeeper-questions2-q18,Zookeeper,Questions2,18,No,"What is the significance of the `kafka.controller:type=KafkaController,name=GlobalTopicCount` metric in KRaft mode?",It represents the total number of topics in the Kafka cluster,It indicates the number of global topics that are not associated with any specific cluster,It measures the number of topics that have global replication enabled,It tracks the count of topics that are globally accessible across all Kafka clusters,,,A,"**Answer:** A

**Explanation:**
In KRaft mode, the `kafka.controller:type=KafkaController,name=GlobalTopicCount` metric holds significance as it represents the total number of topics in the Kafka cluster.

The Kafka controller is responsible for managing the topic metadata and maintaining a consistent view of the topics across the cluster. The `GlobalTopicCount` metric provides a count of all the topics that exist in the cluster, including both regular topics and internal topics.

Monitoring the `GlobalTopicCount` metric gives you an overview of the topic landscape in your Kafka cluster. It allows you to track the growth of topics over time and helps in capacity planning and resource allocation. An increasing trend in the `GlobalTopicCount` metric indicates that new topics are being created, while a decreasing trend suggests that topics are being deleted.

Additionally, the `GlobalTopicCount` metric can be useful for monitoring the overall health and performance of the Kafka cluster. A sudden spike in the topic count may indicate a misconfiguration or an unexpected behavior that requires investigation.

B is incorrect because the metric does not specifically indicate the number of global topics that are not associated with any cluster. It represents the total number of topics within a single Kafka cluster.

C is incorrect because the metric does not measure the number of topics with global replication enabled. Topic replication is configured on a per-topic basis and is not directly related to the `GlobalTopicCount` metric.

D is incorrect because the metric tracks the count of topics within a single Kafka cluster, not across all Kafka clusters. Topics are typically specific to a particular cluster and are not globally accessible across different clusters.",
319,zookeeper-questions2-q19,Zookeeper,Questions2,19,No,"What is the purpose of the `kafka.controller:type=KafkaController,name=TopicDeletionCount` metric in KRaft mode?",It measures the number of topics that have been marked for deletion,It indicates the number of topics that have been successfully deleted,It represents the count of failed topic deletion attempts,It tracks the number of topics that are currently in the process of being deleted,,,B,"**Answer:** B

**Explanation:**
In KRaft mode, the `kafka.controller:type=KafkaController,name=TopicDeletionCount` metric serves the purpose of indicating the number of topics that have been successfully deleted.

Topic deletion is an administrative operation that removes a topic and all its associated data from the Kafka cluster. When a topic is marked for deletion, the Kafka controller coordinates the deletion process across all the brokers that hold partitions for that topic.

The `TopicDeletionCount` metric keeps track of the number of topics that have been successfully deleted by the controller. Each time a topic is completely removed from the cluster, the `TopicDeletionCount` metric is incremented.

Monitoring the `TopicDeletionCount` metric provides insights into the topic deletion activity in your Kafka cluster. It allows you to track the number of topics that have been deleted over time and can be useful for auditing and governance purposes.

An increasing trend in the `TopicDeletionCount` metric indicates that topics are being actively deleted, while a flat or zero value suggests that no topic deletions have occurred recently.

A is incorrect because the metric does not measure the number of topics marked for deletion. It specifically tracks the count of successfully deleted topics.

C is incorrect because the metric represents the count of successful topic deletions, not failed deletion attempts.

D is incorrect because the metric tracks the number of topics that have been successfully deleted, not the topics currently in the process of being deleted.",
320,zookeeper-questions2-q20,Zookeeper,Questions2,20,No,"What is the significance of the `kafka.controller:type=KafkaController,name=TopicChangeRate` metric in KRaft mode?",It measures the rate at which new topics are being created in the Kafka cluster,It indicates the rate at which existing topics are being modified or updated,It represents the rate at which topics are being deleted from the Kafka cluster,"It tracks the overall rate of topic-related changes, including creation, modification </details>",,,D,"The `TopicChangeRate` metric tracks the overall rate at which topic-related changes (including creations, modifications, and deletions) occur in the cluster.",
321,zookeeper-questions3-q21,Zookeeper,Questions3,21,No,What happens when a new broker joins a KRaft cluster and the `controller.quorum.voters` configuration is not updated to include the new broker?,The new broker automatically becomes a voter in the controller quorum,The new broker joins as an observer and does not participate in the controller quorum voting,The new broker is unable to join the cluster until the configuration is updated,The new broker replaces one of the existing voters in the controller quorum,,,B,"**Answer:** B

**Explanation:**
When a new broker joins a KRaft cluster, it does not automatically become a voter in the controller quorum if the `controller.quorum.voters` configuration is not updated to include the new broker.

In KRaft mode, the `controller.quorum.voters` configuration explicitly defines the set of brokers that are part of the controller quorum and participate in the voting process for leader election and metadata management. If a new broker is not added to this configuration, it will join the cluster as an observer.

As an observer, the new broker can still receive and replicate metadata from the active controller, but it does not have voting rights and does not actively participate in the quorum's decision-making process. This allows the new broker to catch up with the current state of the cluster without disrupting the existing controller quorum.

To promote the new broker to a voter, the `controller.quorum.voters` configuration needs to be updated to include the new broker's details (`{id}@{host}:{port}`). Once the configuration is updated and propagated to all the brokers, the new broker will become a full-fledged member of the controller quorum.

A is incorrect because the new broker does not automatically become a voter without being added to the `controller.quorum.voters` configuration.

C is incorrect because the new broker can still join the cluster as an observer, even if it is not included in the `controller.quorum.voters` configuration.

D is incorrect because the new broker does not replace any existing voters in the controller quorum unless explicitly configured to do so.",
322,zookeeper-questions3-q22,Zookeeper,Questions3,22,No,"What is the purpose of the `kafka.controller:type=SnapshotEngine,name=SnapshotGenerationTimeoutCount` metric in KRaft mode?",It measures the number of snapshots that were generated successfully within the configured timeout,It indicates the count of snapshots that failed to generate due to a timeout,It represents the number of snapshots that are currently being generated,It tracks the count of snapshots that were generated after exceeding the configured timeout,,,B,"**Answer:** B

**Explanation:**
In KRaft mode, the `kafka.controller:type=SnapshotEngine,name=SnapshotGenerationTimeoutCount` metric serves the purpose of indicating the count of snapshots that failed to generate due to a timeout.

Snapshot generation is a critical operation in KRaft mode, as it allows the controllers to capture the state of the metadata log at a particular point in time and create a compact representation of the metadata. Snapshots help in reducing the size of the metadata log and enable faster recovery of the controllers during startup or failover.

The `SnapshotGenerationTimeoutCount` metric keeps track of the number of snapshots that could not be generated within the configured timeout period. If the snapshot generation process takes longer than the specified timeout, it is considered a failure, and the metric is incremented.

A high value of the `SnapshotGenerationTimeoutCount` metric indicates that the snapshot generation process is experiencing delays or performance issues. It suggests that the controllers are struggling to generate snapshots within the expected time frame, which can impact the overall performance and recovery capabilities of the KRaft cluster.

Monitoring the `SnapshotGenerationTimeoutCount` metric helps in identifying bottlenecks or resource constraints related to snapshot generation. If this metric consistently reports high values, it may require investigation into the underlying cause, such as insufficient system resources, I/O bottlenecks, or configuration issues.

A is incorrect because the metric does not measure the number of successfully generated snapshots within the timeout period. It focuses on the count of snapshots that failed due to a timeout.

C is incorrect because the metric does not represent the number of snapshots currently being generated. It tracks the count of snapshots that have already failed due to a timeout.

D is incorrect because the metric specifically counts the snapshots that failed to generate within the configured timeout, not the snapshots that were generated after exceeding the timeout.",
323,zookeeper-questions3-q23,Zookeeper,Questions3,23,No,"In KRaft mode, what happens when a broker is removed from the `controller.quorum.voters` configuration?",The removed broker is immediately disconnected from the cluster,The removed broker continues to operate as a non-voter observer,The removed broker becomes a candidate and triggers a new controller election,The removed broker enters a controlled shutdown process,,,B,"**Answer:** B

**Explanation:**
When a broker is removed from the `controller.quorum.voters` configuration in KRaft mode, it transitions from being a voting member of the controller quorum to a non-voter observer.

In KRaft, the `controller.quorum.voters` configuration defines the set of brokers that participate in the controller quorum and have voting rights. These brokers actively engage in the decision-making process, such as leader election and metadata management.

If a broker is removed from the `controller.quorum.voters` configuration, it loses its voting rights and becomes an observer. As an observer, the broker continues to operate and receive metadata updates from the active controller, but it no longer participates in the quorum's voting process.

The removal of a broker from the `controller.quorum.voters` configuration does not immediately disconnect the broker from the cluster. The broker remains connected and continues to serve clients, handle produce and consume requests, and replicate data as a regular Kafka broker.

However, since the removed broker is no longer a voting member of the controller quorum, it does not take part in controller elections or contribute to the quorum's fault-tolerance and consensus-making capabilities.

A is incorrect because the removed broker is not immediately disconnected from the cluster. It continues to operate as a non-voter observer.

C is incorrect because the removed broker does not become a candidate or trigger a new controller election. It transitions to an observer role.

D is incorrect because the removed broker does not enter a controlled shutdown process. It remains operational but without voting rights in the controller quorum.",
324,zookeeper-questions3-q24,Zookeeper,Questions3,24,No,What is the impact of setting the `controller.quorum.election.backoff.max.ms` configuration to a very high value in KRaft mode?,"It increases the frequency of controller elections, improving fault tolerance","It reduces the time taken for a new controller to be elected, minimizing downtime","It prolongs the time taken for a new controller to be elected, potentially increasing downtime",It has no impact on the controller election process,,,C,"**Answer:** C

**Explanation:**
Setting the `controller.quorum.election.backoff.max.ms` configuration to a very high value in KRaft mode can prolong the time taken for a new controller to be elected, potentially increasing downtime.

In KRaft, when the active controller becomes unavailable or fails, a new controller needs to be elected from among the brokers in the `controller.quorum.voters` configuration. The controller election process involves a backoff mechanism to prevent multiple brokers from simultaneously attempting to become the new controller, which could lead to conflicts and instability.

The `controller.quorum.election.backoff.max.ms` configuration specifies the maximum time in milliseconds that a broker should wait before attempting to become the controller. It acts as an upper bound for the random backoff duration that each broker generates during the election process.

If the `controller.quorum.election.backoff.max.ms` is set to a very high value, brokers will potentially wait for a longer duration before initiating the election process. This can delay the selection of a new controller and extend the period during which the cluster operates without an active controller.

Consequently, setting the `controller.quorum.election.backoff.max.ms` to a very high value can increase the downtime experienced by the cluster during controller failover scenarios. It may take longer for a new controller to be elected, resulting in a prolonged period of unavailability or limited functionality.

It is generally recommended to set the `controller.quorum.election.backoff.max.ms` to a reasonable value that balances the need for preventing conflicts with the desire for prompt controller election. The default value of 1000 milliseconds (1 second) is often suitable for most use cases.

A is incorrect because increasing the `controller.quorum.election.backoff.max.ms` does not increase the frequency of controller elections. It actually delays the election process.

B is incorrect because a higher value of `controller.quorum.election.backoff.max.ms` does not reduce the time taken for a new controller to be elected. Instead, it potentially increases the election time.

D is incorrect because the `controller.quorum.election.backoff.max.ms` configuration does have an impact on the controller election process by influencing the backoff duration.",
325,zookeeper-questions3-q25,Zookeeper,Questions3,25,No,"What is the purpose of the `kafka.controller:type=QuorumController,name=ActiveControllerCount` metric in KRaft mode?",It indicates the number of active controllers in the KRaft cluster,It represents the number of brokers currently serving as controllers,It measures the count of controllers that have been active since the cluster started,It tracks the number of controller failover events that have occurred,,,A,"**Answer:** A

**Explanation:**
In KRaft mode, the `kafka.controller:type=QuorumController,name=ActiveControllerCount` metric serves the purpose of indicating the number of active controllers in the KRaft cluster.

In a KRaft cluster, there should be exactly one active controller at any given time. The active controller is responsible for managing the cluster's metadata, performing leader election, and handling various administrative tasks. All other controllers in the cluster act as standby controllers, ready to take over if the active controller fails.

The `ActiveControllerCount` metric provides a count of the number of controllers that are currently active in the cluster. In a healthy KRaft cluster, this metric should always have a value of 1, indicating that there is a single active controller.

Monitoring the `ActiveControllerCount` metric is crucial for ensuring the stability and proper functioning of the KRaft cluster. If the metric deviates from the expected value of 1, it suggests an issue with the controller quorum.

If the `ActiveControllerCount` metric is 0, it means that there is no active controller in the cluster, indicating a potential failure or a problem with the controller election process. This situation can lead to a loss of cluster functionality and requires immediate attention.

On the other hand, if the `ActiveControllerCount` metric is greater than 1, it suggests that there are multiple controllers claiming to be active simultaneously. This can happen due to network partitions or misconfiguration and can result in conflicts and inconsistencies in the cluster metadata.

B is incorrect because the metric represents the count of active controllers, not the number of brokers serving as controllers. In KRaft mode, the controllers are separate from the brokers.

C is incorrect because the metric indicates the current count of active controllers, not the cumulative count since the cluster started.

D is incorrect because the metric does not track the number of controller failover events. It represents the instantaneous count of active controllers at a given point in time.",
326,zookeeper-questions3-q26,Zookeeper,Questions3,26,No,"What is the significance of the `kafka.controller:type=QuorumController,name=LastAppliedRecordTimestamp` metric in KRaft mode?",It indicates the timestamp of the last record appended to the metadata log,It represents the timestamp of the last record replicated to all the controllers,It measures the timestamp of the last record applied by the active controller,It tracks the timestamp of the last record committed by the active controller,,,C,"**Answer:** C

**Explanation:**
In KRaft mode, the `kafka.controller:type=QuorumController,name=LastAppliedRecordTimestamp` metric holds significance as it measures the timestamp of the last record applied by the active controller.

The active controller in a KRaft cluster is responsible for managing the metadata log and applying the records to update the cluster's state. When a record is appended to the metadata log, the active controller processes and applies the record to make the corresponding changes in the cluster metadata.

The `LastAppliedRecordTimestamp` metric captures the timestamp of the most recent record that the active controller has applied. It represents the point in time up to which the active controller has processed and applied the metadata records.

Monitoring the `LastAppliedRecordTimestamp` metric provides insights into the current state of the active controller and the progress of metadata application. It helps in understanding how up-to-date the active controller is in terms of processing the metadata log.

If the `LastAppliedRecordTimestamp` metric is lagging significantly behind the current time or the timestamp of the last appended record, it indicates that the active controller is experiencing delays in applying the metadata records. This could be due to performance issues, resource constraints, or a high volume of metadata changes.

On the other hand, if the `LastAppliedRecordTimestamp` metric is consistently close to the current time or the timestamp of the last appended record, it suggests that the active controller is efficiently processing and applying the metadata records without significant delays.

A is incorrect because the metric represents the timestamp of the last applied record, not the last appended record to the metadata log.

B is incorrect because the metric specifically measures the timestamp of the last record applied by the active controller, not the timestamp of the last record replicated to all the controllers.

D is incorrect because the metric tracks the timestamp of the last applied record, not the last committed record. The commitment of records is a separate process from the application of records by the active controller.",
327,zookeeper-questions3-q27,Zookeeper,Questions3,27,No,"What is the purpose of the `kafka.controller:type=ControllerChannelManager,name=TotalQueueSize` metric in KRaft mode?",It measures the total number of messages in the controller's request queue,It indicates the total size of the metadata log in bytes,It represents the total number of active controller connections,It tracks the total number of pending controller requests,,,A,"**Answer:** A

**Explanation:**
In KRaft mode, the `kafka.controller:type=ControllerChannelManager,name=TotalQueueSize` metric serves the purpose of measuring the total number of messages in the controller's request queue.

The controller in a KRaft cluster receives various requests from brokers, such as fetching metadata, updating partition leadership, and handling configuration changes. These requests are queued in the controller's request queue before being processed by the controller.

The `TotalQueueSize` metric provides insight into the current load and backlog of requests in the controller's queue. It represents the total number of messages or requests that are currently waiting to be processed by the controller.

Monitoring the `TotalQueueSize` metric is important for assessing the controller's performance and identifying potential bottlenecks. If the metric consistently shows a high value or keeps increasing, it indicates that the controller is struggling to keep up with the incoming requests. This could be due to a heavy workload, limited resources, or inefficiencies in the controller's processing logic.

A high `TotalQueueSize` can lead to increased latency in processing controller requests and may impact the overall responsiveness of the KRaft cluster. It can also suggest the need for scaling the controller's resources or optimizing its configuration to handle the request load more efficiently.

On the other hand, if the `TotalQueueSize` metric remains low and stable, it indicates that the controller is able to process requests in a timely manner and is not experiencing a significant backlog.

B is incorrect because the metric measures the number of messages in the controller's request queue, not the total size of the metadata log.

C is incorrect because the metric represents the count of messages in the queue, not the number of active controller connections.

D is incorrect because the metric specifically tracks the number of messages in the request queue, not the total number of pending controller requests across all queues or channels.",
328,zookeeper-questions3-q28,Zookeeper,Questions3,28,No,What is the impact of having a large value for the `controller.quorum.request.timeout.ms` configuration in KRaft mode?,It increases the time the controller waits for a quorum of voters to respond to a request,It reduces the time the controller waits for a quorum of voters to respond to a request,It sets the maximum time allowed for the controller to process a request,It determines the frequency at which the controller sends heartbeats to the brokers,,,A,"**Answer:** A

**Explanation:**
In KRaft mode, setting a large value for the `controller.quorum.request.timeout.ms` configuration increases the time the controller waits for a quorum of voters to respond to a request.

The `controller.quorum.request.timeout.ms` configuration specifies the maximum time in milliseconds that the controller will wait for a quorum of voters to respond to a request before considering it as failed. It defines the timeout duration for the controller to gather a sufficient number of responses from the voter nodes in order to make a decision.

When the controller sends a request to the voters, such as a metadata update or a leadership change, it requires a quorum of voters to acknowledge and respond to the request within the specified timeout. If the controller does not receive responses from a quorum of voters within the timeout period, it considers the request as failed and may retry or take alternative actions.

By setting a large value for `controller.quorum.request.timeout.ms`, you are allowing more time for the voters to respond to the controller's requests. This can be beneficial in scenarios where the voters are experiencing high load, network latency, or temporary issues that may delay their responses.

However, setting an excessively large value for `controller.quorum.request.timeout.ms` can also have drawbacks. If the timeout is set too high, it can prolong the time taken for the controller to detect and react to failures or unresponsive voters. This can impact the overall responsiveness and fault tolerance of the KRaft cluster.

It's important to strike a balance when configuring `controller.quorum.request.timeout.ms`. The value should be large enough to accommodate reasonable delays and allow for a quorum of voters to respond, but not so large that it significantly hinders the controller's ability to make timely decisions and maintain the cluster's stability.

The default value for `controller.quorum.request.timeout.ms` is 2000 milliseconds (2 seconds), which is suitable for most common scenarios. Adjusting this value requires careful consideration of the specific requirements and characteristics of your KRaft cluster.

B is incorrect because a larger value for `controller.quorum.request.timeout.ms` does not reduce the time the controller waits for a quorum of voters to respond. It actually increases the timeout duration.

C is incorrect because `controller.quorum.request.timeout.ms` does not set the maximum time allowed for the controller to process a request. It specifically relates to the timeout for receiving responses from voters.

D is incorrect because `controller.quorum.request.timeout.ms` does not determine the frequency at which the controller sends heartbeats to the brokers. Heartbeat configuration is controlled by separate parameters.",
329,zookeeper-questions3-q29,Zookeeper,Questions3,29,No,"What is the purpose of the `kafka.controller:type=QuorumController,name=LastCommittedRecordOffset` metric in KRaft mode?",It indicates the offset of the last record appended to the metadata log,It represents the offset of the last record replicated to all the controllers,It measures the offset of the last record applied by the active controller,It tracks the offset of the last record committed by the active controller,,,D,"**Answer:** D

**Explanation:**
In KRaft mode, the `kafka.controller:type=QuorumController,name=LastCommittedRecordOffset` metric serves the purpose of tracking the offset of the last record committed by the active controller.

In a KRaft cluster, the active controller is responsible for managing the metadata log and ensuring that the committed records are replicated to a quorum of controllers. When a record is committed, it means that a majority of the controllers have acknowledged and persisted the record, making it durable and irreversible.

The `LastCommittedRecordOffset` metric provides the offset of the most recent record that has been committed by the active controller. It represents the highest offset in the metadata log that has been successfully replicated and acknowledged by a quorum of controllers.

Monitoring the `LastCommittedRecordOffset` metric is crucial for understanding the progress and consistency of the metadata replication process. It helps in tracking how up-to-date the controllers are with respect to the committed records in the metadata log.

If the `LastCommittedRecordOffset` metric is advancing steadily and is close to the offset of the last appended record, it indicates that the active controller is efficiently committing records and the controllers are successfully replicating the metadata.

However, if the `LastCommittedRecordOffset` metric is lagging significantly behind the offset of the last appended record, it suggests that there might be issues with the metadata replication process. It could indicate network problems, controller failures, or performance bottlenecks that are preventing the controllers from committing and replicating records in a timely manner.

A is incorrect because the metric tracks the offset of the last committed record, not the last appended record to the metadata log.

B is incorrect because the metric specifically measures the offset of the last record committed by the active controller, not the offset of the last record replicated to all the controllers.

C is incorrect because the metric represents the offset of the last committed record, not the last record applied by the active controller. The application of records is a separate process from the commitment of records.",
330,zookeeper-questions3-q30,Zookeeper,Questions3,30,No,What is the impact of setting `controller.quorum.fetch.timeout.ms` to a very low value in KRaft mode?,It increases the time the controllers wait for a fetch response from the active controller,It reduces the time the controllers wait for a fetch response from the active controller,It sets the maximum time allowed for a controller to fetch data from the brokers,It determines the frequency at which the controllers fetch data from the active controller,,,B,"**Answer:** B

**Explanation:**
In KRaft mode, setting `controller.quorum.fetch.timeout.ms` to a very low value reduces the time the controllers wait for a fetch response from the active controller.

The `controller.quorum.fetch.timeout.ms` configuration specifies the maximum time in milliseconds that a controller will wait for a fetch response from the active controller before considering it as failed. It defines the timeout duration for the controllers to receive data from the active controller during the metadata replication process.

When a controller fetches data from the active controller, it sends a fetch request and waits for the response. If the active controller does not respond within the specified timeout, the fetching controller considers the request as failed and may retry or take alternative actions.

By setting `controller.quorum.fetch.timeout.ms` to a very low value, you are restricting the time a controller will wait for a fetch response from the active controller. This can have both advantages and disadvantages.

On one hand, a low timeout value can help detect and react to unresponsive or slow active controllers more quickly. If the active controller is experiencing issues or is not responding in a timely manner, a low timeout value will cause the fetching controllers to fail the request sooner and potentially initiate a failover to a new active controller.

However, setting `controller.quorum.fetch.timeout.ms` too low can also lead to false positives and unnecessary failovers. If the active controller is temporarily busy or there is a short network delay, a very low timeout value may cause the fetching controllers to prematurely fail the request, even though the active controller might have responded given a little more time.

It's important to find a balance when configuring `controller.quorum.fetch.timeout.ms`. The value should be low enough to detect genuine issues with the active controller promptly, but not so low that it triggers false alarms and unnecessary failovers.

The default value for `controller.quorum.fetch.timeout.ms` is 2000 milliseconds (2 seconds), which provides a reasonable balance for most scenarios. Adjusting this value requires careful consideration of the specific requirements and characteristics of your KRaft cluster, such as network latency, controller load, and failover sensitivity.

A is incorrect because a lower value for `controller.quorum.fetch.timeout.ms` does not increase the time the controllers wait for a fetch response. It actually reduces the timeout duration.

C is incorrect because `controller.quorum.fetch.timeout.ms` does not set the maximum time allowed for a controller to fetch data from the brokers. It specifically relates to the timeout for receiving a fetch response from the active controller.

D is incorrect because `controller.quorum.fetch.timeout.ms` does not determine the frequency at which the controllers fetch data from the active controller. The fetch frequency is controlled by separate parameters.",
